past_faults,rainfall_mm,construction_distance_m,soil_type,traffic_density,maintenance_gap_days,latitude,longitude,failure_next_30_days
3,54.63210515481071,311.31526679932904,Clay,28.56259885622431,296,13.160450496750055,80.35120677652772,0
0,426.98098347771105,486.69130958241055,Clay,73.46083007105351,19,13.12120280255224,80.3451322303939,0
0,219.57490831687414,232.5047587632138,Rocky,2.394626527048349,225,13.031405667779907,80.18495166652966,0
0,423.4844271035302,423.6939652856869,Sandy,58.482781130579085,198,13.169031849951805,80.3415516123108,0
3,446.54510259770746,31.197034299138615,Sandy,94.14742375060654,38,13.003667149441199,80.32702708908865,1
2,31.22879680953572,167.63952503914786,Sandy,17.440926711149952,144,13.03628855002137,80.19140258940124,1
0,441.73238149303035,33.50826887560498,Clay,47.16494907505954,44,13.086738921544779,80.19218286508725,0
0,224.1595276847111,487.67156673953525,Clay,9.142199181713817,325,13.09584840521418,80.19093276230352,0
1,255.2162445021161,408.4869536359184,Silt,62.56819122613526,90,12.985762117325383,80.1729665186409,0
1,313.2962555466051,426.2737106229852,Clay,55.05316805962256,237,13.13881454516419,80.28042686103892,0
1,463.1913033650434,468.9826157169471,Clay,40.736552421283236,69,13.05502146368508,80.36537885828722,0
1,9.558047214882015,42.55174305989268,Clay,52.13770214737412,165,13.063983708200428,80.25843694057997,1
2,238.42173415890855,192.7987962566667,Sandy,89.65746584690102,129,13.14457390888739,80.27885150037747,1
2,343.86102121528035,35.517444522001064,Sandy,19.629430231106703,213,13.058556678345509,80.364293959354,1
1,361.35347884911425,105.3965507750143,Clay,2.2564511705347234,339,12.992144975298952,80.22173644575486,1
0,346.266215768554,114.68288851883618,Sandy,86.16648846991009,88,13.017987954094071,80.34239405051966,0
4,67.21756470406093,234.55360552378934,Silt,57.71170823879065,334,13.173880634477637,80.27997809344235,0
2,149.69779418584062,134.2810837268213,Sandy,89.06584554618424,251,12.996781072480504,80.2845953029326,0
1,179.35776270850673,50.489053408880544,Silt,59.69452234131726,348,13.053686240193604,80.23933477144146,1
2,402.2186038397525,83.74554454705385,Rocky,81.01610899597024,71,13.08333583341027,80.28301687219339,1
1,139.3799362072765,73.63778177604546,Clay,42.967336335514794,164,13.081356165467714,80.18532850189567,1
1,105.35248193360158,486.53839895614914,Sandy,74.98599312882688,48,12.98349198860243,80.32362871452283,0
6,478.7240095190481,379.6462534592368,Silt,91.3041466889856,51,13.082932546291499,80.22763755230886,1
0,4.43164255673445,483.880732634781,Rocky,57.21229637222063,288,13.059454491595483,80.34822166589879,1
0,498.9104278409891,219.87024325395427,Rocky,18.078515056237954,277,13.177115867094912,80.2442701389215,0
1,338.4106494286978,139.1842408313283,Sandy,26.879761503019818,113,13.014531816798767,80.19926482209738,1
2,414.23464972455855,399.14659860459335,Sandy,19.86445768974058,238,13.0535308393519,80.3098763148737,0
1,147.3096981730966,163.1269590205734,Rocky,24.685702759573292,132,13.066596297017965,80.2036156289427,1
0,7.1576388335299885,149.69168685267414,Clay,30.64154493510364,273,13.06083870742019,80.32143610310861,1
1,368.93475928076504,116.25299610391559,Clay,55.51337867531885,165,13.115866165530374,80.36432244728122,1
2,417.07229850033787,64.83948911211768,Silt,58.79916294638328,292,13.025802571509555,80.32661057375906,1
0,370.2380659767596,128.23153050838297,Clay,42.649974724186116,242,13.0269143105628,80.17518984968628,0
4,71.4251436504193,177.65987423694384,Rocky,61.54207798208354,319,13.128542189700172,80.29067715761056,0
1,376.7139611284845,336.9971040728652,Rocky,8.157492561136593,137,13.082758103735637,80.30978213419395,0
2,384.4613910538205,31.28242110972579,Rocky,8.778823705815997,78,13.065731135211463,80.33579166515926,0
0,329.27025783502745,105.25346983267147,Clay,17.182946035765845,169,13.01654061033545,80.1819004617878,1
1,383.0579663977931,404.5118201458382,Silt,51.80774980403447,122,13.020205444582434,80.26672156559046,0
3,422.96071983886605,73.46096179188538,Clay,21.399467869831355,175,12.984810327363181,80.27777417452768,1
0,306.80205711872924,171.32257326126077,Silt,28.328440349257733,299,13.000985253772344,80.20452497252884,1
4,44.302356984839534,432.32946092907,Clay,40.03128361729941,81,13.09406773893805,80.23518996194214,0
2,243.81390483360542,77.46265557172133,Rocky,81.18661240103798,86,13.161074626001684,80.25874434525124,0
0,38.82466733580253,41.36841780909495,Rocky,1.3862135912860118,224,13.040132953026113,80.33734193759156,0
0,203.77151551621543,242.26899754000542,Sandy,64.93788202366224,15,13.048249445179227,80.35658151321405,1
1,203.55324456281383,151.2097556392682,Clay,66.88765310406853,309,13.005821122122303,80.29638456578354,1
2,33.00492207012079,281.70418224192707,Clay,79.86557803566366,357,13.060426189121422,80.24968903720429,0
2,174.41026698473965,401.90244524173755,Sandy,93.27529390603132,162,12.990144340913867,80.2215062035598,1
0,55.499049395657416,68.57424407637158,Rocky,2.0137848949289827,97,13.166220139252381,80.36712703688724,1
1,404.1176050046111,290.3495422771425,Clay,15.378370551321618,155,13.117322269624907,80.36730399961527,1
5,473.84401298223537,252.75438019493197,Sandy,88.6171294055993,1,13.180849761878644,80.35569538964701,1
4,36.1582376289693,72.03939300659978,Clay,45.851856218701535,349,13.159264632535699,80.32783382997557,1
0,477.5576036458507,311.9992427644912,Silt,56.459063893346354,168,13.077298118739632,80.23585590874913,0
1,261.2882996683726,136.82020893038583,Rocky,66.30272037231474,314,13.086637006230076,80.33410009669953,1
2,149.78283897693694,243.91715927200624,Silt,67.90666044956374,324,13.02081520930344,80.25245860345424,0
1,38.431037638081754,41.13616213853094,Rocky,93.17404033165082,91,13.075107868567912,80.23605461963102,1
0,250.3121340352089,229.79202860681153,Sandy,99.69494174116697,180,13.163305574698564,80.31967307169326,1
0,397.2577722453743,153.23173402141015,Rocky,72.01574609309402,230,12.992870684727166,80.18663078552409,0
2,353.54323863334906,411.1906055926772,Rocky,28.72212092051508,300,13.155411360599663,80.18041254465913,0
2,25.11300573198688,28.48936349868414,Sandy,87.97524022943436,147,13.050889560328523,80.26029073943624,1
3,36.45091768395176,209.30363745916497,Rocky,4.922091454076161,279,13.162602553019262,80.25982776016444,0
1,201.43664131631854,229.215712065719,Clay,23.10808528744962,188,13.170875981268297,80.34982883061278,1
0,147.64524702397165,362.50303814955936,Sandy,89.73857174637149,346,13.116872977400382,80.19593061925757,0
2,116.19216152802392,287.1437875451055,Sandy,25.619151443935493,349,13.115584757318537,80.19535678549049,1
2,140.5022494543568,333.6061685970905,Sandy,22.065105962174847,313,13.073250867541748,80.20019052009499,1
0,401.74137164844234,388.52464282587806,Silt,13.812529314024724,127,13.149808044908742,80.17664725225893,0
2,464.61402681592693,431.10148682909437,Silt,85.91117576469165,6,13.175022551686657,80.18504634756299,0
2,202.5513472637832,156.93774836123526,Rocky,50.00582591910867,46,13.137716360067826,80.30267397336581,1
2,453.05550106624855,269.01135268195145,Sandy,67.48932030541548,52,13.107087346751342,80.2570168658235,1
2,160.747850623941,420.05403921959993,Rocky,23.906638407502967,186,13.104058579164269,80.32342061341761,1
2,238.2184931718958,494.7255654825282,Clay,75.80404210112165,37,13.152593980316734,80.36921954371634,0
0,113.01449890799987,444.75965552188154,Sandy,76.00055449620984,225,13.09094075315426,80.3025069362198,1
2,320.238021087922,185.7336313121884,Clay,31.259802490830012,52,13.143471977249765,80.18079111412403,1
1,489.49055758740445,97.58325860932521,Rocky,41.06826330102828,223,13.08447705103485,80.19161257295087,1
1,301.7465480216893,244.69626870329435,Silt,20.969027743020085,153,12.995188854994785,80.34690081696294,0
3,178.90704205677443,370.82072591802114,Rocky,97.65610233229043,47,13.059489401780832,80.27619918891166,0
1,323.9087229952642,246.2845353766488,Clay,64.56025770584117,350,13.0715881915343,80.33566743187916,0
2,61.460339232693784,241.59043165683426,Sandy,93.45438807155155,146,13.011023448997324,80.34202246724499,1
3,444.3295401326993,419.1152105409003,Rocky,30.338554362913317,63,13.003199265837843,80.35623490829991,0
1,251.54197538991818,180.70188953359317,Sandy,78.18909129968897,348,13.089792989931391,80.36066584109727,0
3,224.67487101982104,429.8973374058228,Silt,76.5858643884742,181,12.999728727311217,80.28166515930067,0
3,292.9323942267596,203.40240047586178,Silt,69.16556518665415,124,13.043289033578018,80.23890403445121,1
2,312.3919313947012,164.1165528391697,Silt,96.56389752668004,178,13.131619395192615,80.36307297486961,1
0,35.88790311325651,226.9949555998495,Sandy,39.355533610631554,38,13.175586435913598,80.28018128120026,0
2,341.3086106117012,381.22347933743424,Rocky,13.07173235897573,259,13.126274116110386,80.18355054459093,1
0,120.96584015776479,63.00101393199714,Sandy,67.17088592440608,2,13.181225109690574,80.29925531001197,0
1,356.9763162532949,98.2096079360087,Sandy,72.93098004772062,63,13.12236759425588,80.28823695007901,0
0,411.2673971920984,475.72241283154597,Rocky,57.506057345881466,28,13.041458894130866,80.34985857457895,0
3,401.9792537762601,87.74581369067869,Silt,20.681789313339628,10,13.117110508101073,80.30133743783156,0
1,276.25048370394455,283.8636589655273,Silt,50.445594166935535,96,13.123131353039382,80.24051048489231,0
2,260.0849461553756,289.65723333096895,Rocky,31.21897365691294,357,13.057045396923293,80.36394514514117,1
3,71.43798066970587,244.8122310251224,Sandy,42.746652816668906,202,12.986242770121878,80.33102389719642,1
1,387.67307520156777,322.37262428840927,Sandy,64.52185758446639,20,13.123339956955098,80.29678352367628,0
2,135.70469022335718,114.91336289880921,Silt,74.52147426908346,38,12.98704001905511,80.22928504068064,0
4,248.34771140897328,276.3311338883741,Clay,23.22246909013431,222,13.108937615612016,80.24540805926286,1
1,142.13704646375837,186.08662762344858,Clay,40.532536064695336,101,13.015423297748512,80.30469398481934,1
1,66.91418149984656,330.83362981459453,Clay,26.91615709916292,45,13.09582070554961,80.18509616369266,0
0,314.7788484458683,70.61177168657473,Sandy,19.86316138618691,65,13.08348260507612,80.22203611833005,0
1,27.166017411451914,285.43870841973813,Sandy,78.33872199958384,90,12.985402728461237,80.31348018667933,0
4,374.3226170631,92.63517769166185,Silt,90.92526944369924,163,13.055273163399022,80.26670370196894,0
5,158.79339763055833,139.3215315575182,Clay,37.02321856845767,110,13.102918233479262,80.2511787129629,0
2,0.06734650224266003,109.35490016179162,Silt,75.12789243737669,337,13.152421310379756,80.20099152448009,0
0,255.5645696186149,91.41888993440855,Silt,89.69952893644111,122,13.160428422767305,80.25906980689555,0
3,23.425954263801565,412.8554757803335,Silt,84.61242105302316,192,13.079469994006645,80.32483839415205,0
0,138.08477891044973,142.85378383044517,Rocky,18.28133885392259,98,13.128384497459889,80.22350256921439,0
2,353.4882437278581,463.5618909322247,Clay,95.62918815133614,290,13.045990915306692,80.17177970843674,0
4,31.344810810932934,484.9632626725954,Clay,37.66764404294625,158,13.051137281151732,80.3044009802302,0
1,419.6692461780012,285.6302349685487,Rocky,33.92406611738363,102,13.021592703836463,80.36522532088651,0
5,1.909961329291554,71.5005613328632,Rocky,6.2431327277780335,280,13.095089621998648,80.29206531271772,1
5,123.41193460095113,187.27412168979063,Clay,48.6173654104883,42,13.045612830185474,80.19468437178543,1
1,370.45202807603573,398.866131674107,Rocky,10.90136156409287,83,12.999574179287702,80.23484661846894,1
1,158.1350748646534,183.69536434853524,Silt,24.853982092742598,190,13.119701217332636,80.34422832294405,1
2,50.94619403300676,43.508609151394374,Sandy,31.694262176728138,50,13.12425064152108,80.21721361485137,1
1,180.11695940021394,278.392455464094,Silt,80.8826323491684,209,13.054698483755812,80.29223918069953,1
0,135.19664319226277,422.5604257480174,Clay,87.54886503958966,125,12.998044679891205,80.2512342416508,0
2,421.35595108027746,397.9631935717512,Rocky,30.246631746146967,68,13.067959543480686,80.21226874428393,0
2,156.67395879257157,87.56157006517662,Sandy,85.86981212445738,264,13.071167091610043,80.33338137871294,1
1,394.4662358880036,336.38230720623335,Clay,85.72309373697911,257,13.11643417697958,80.31926625529314,0
0,445.9360724053674,110.25213171782356,Rocky,76.46509503848735,187,13.045783278251738,80.30301821319186,0
2,216.90870978826476,109.10376727608612,Sandy,14.669511401518154,229,13.119219855956262,80.21796731805375,0
3,454.971571927196,437.0358866525926,Sandy,69.0322846900729,188,13.15699770835148,80.1902714005433,0
1,188.6590269815964,124.83447637011508,Rocky,94.50240645805688,9,13.03019720847244,80.2859318659652,1
1,482.0392082450541,131.62367325900559,Sandy,68.2540478767157,113,13.178483911223982,80.2814355667079,1
0,44.644762262786465,0.32669538064977743,Clay,33.16168491078339,75,13.059973627427363,80.20837700186698,0
4,343.5096332516214,435.33451706275883,Rocky,50.05793174308313,163,13.036151737029414,80.18194933886303,1
0,246.90702022846435,396.29740660456736,Silt,64.57250433510536,84,13.06700223650206,80.1868416908388,0
1,193.82440272782353,313.664467545339,Clay,51.05704087285036,48,13.001579495180772,80.36925419730255,0
2,316.3559393743005,375.13288196942113,Clay,11.995294173096982,325,13.007841181302425,80.32741677894859,1
4,351.92854581716557,76.0242837122459,Rocky,31.206404465202063,176,13.065586809393666,80.35509749519304,1
1,2.1816348251545437,229.1617972937877,Rocky,80.23960305536325,217,13.135188904387821,80.20971094444728,0
1,83.47654437359935,175.60969367439046,Sandy,86.14180460955174,188,13.162762447914899,80.36281370726469,0
0,356.52302531715935,46.88826312850824,Clay,13.730003271557024,345,13.115663598143255,80.19923087029464,1
0,333.1927067891032,243.06524260746204,Sandy,95.23867523987246,229,13.003743911047636,80.2725163657133,1
0,483.0237525643386,460.3698251713177,Clay,32.88226178486093,254,13.117103952436107,80.33663913688342,1
3,380.5188951253915,20.02955952534724,Clay,66.231373873072,235,13.109785584140596,80.24066067090232,1
2,475.38635386566904,145.73045674689695,Silt,75.18251459566811,25,13.143852783658668,80.25566570663538,1
1,351.27025076740347,103.77046810285174,Clay,81.19462346378835,71,13.147749733330437,80.19633702205982,0
2,149.02610431972158,119.07332683284815,Sandy,94.57497022259301,260,13.156340615155797,80.1952843759998,1
2,52.68246112542824,454.2172759396876,Sandy,31.29195480288226,253,13.06552630291582,80.29461364495573,0
2,390.9119316724678,234.03452711714507,Silt,85.85064545515544,270,13.12227287907043,80.30580647372402,0
0,322.074610737958,233.1497064699094,Sandy,13.168690343620703,122,13.036350071784463,80.32616650281645,1
1,24.093006196648115,380.28782122764113,Rocky,70.50409063535928,143,13.182567255996702,80.28203641053635,0
3,180.02523295048917,77.2461020024629,Silt,74.19777295139859,256,13.017766848275373,80.29985185845227,0
2,478.39990774214306,243.6326770500254,Sandy,67.77232412013204,143,12.984722886332168,80.17340345433995,0
4,250.2005728551006,214.99260706052985,Sandy,25.2314736135153,258,13.012461742903636,80.20313414542744,1
0,216.36456800985232,298.4553452733281,Rocky,87.30431470152034,46,13.137874457908826,80.36768295320338,0
0,228.849802579647,499.7788516252193,Silt,16.8858463370395,350,13.072056735301643,80.18589870126317,0
0,104.44136200258185,384.72444704102355,Rocky,5.363479152083084,12,13.072200049562086,80.30645764445205,0
0,184.3535854323976,198.93285150871358,Silt,71.74649906119122,207,13.173704583922335,80.20591652660634,0
1,184.9066279935883,413.7765261370235,Silt,47.54757152327337,310,13.166626981605615,80.31404371715354,0
2,26.1775100937362,85.35418165624009,Clay,84.90980199586761,234,13.044938947560803,80.3118980805924,1
2,383.7838142589591,15.231843154480062,Sandy,38.3397141058259,148,13.024511625756174,80.21753981195762,0
5,208.2522159519395,102.22418623213653,Sandy,16.827858850771282,321,13.152396441986749,80.22462687984384,0
0,411.08994340821164,170.20577805712983,Clay,83.64421924698698,154,13.163903814208874,80.30165414272042,1
4,425.1740005599477,255.29037872977995,Rocky,54.89096316400717,165,13.091019384559699,80.24871720775604,1
3,105.99702734932903,307.5645702705999,Clay,18.91957923903549,89,13.108584742223421,80.20960959393999,0
3,328.6767410850643,455.30285860721085,Sandy,72.03839985864458,185,13.03408285693846,80.3170359197575,0
3,236.14090208149085,254.92700477522885,Sandy,51.111363848950056,317,13.142860537595705,80.20152950486727,0
2,440.0783689607425,250.6378223128647,Clay,60.431298224031984,357,13.109124485689806,80.341828732829,0
1,107.87033958822705,25.121504911491066,Clay,46.089833820658185,173,13.0834027022596,80.27363390481037,0
3,338.9066001550221,17.455776328111906,Clay,82.87089838180064,216,12.99472171121568,80.19184012077586,1
2,303.87606112636126,275.579980958186,Sandy,82.95627156830498,263,13.165886992502232,80.3095144667062,1
1,147.6507387859164,219.08930662417225,Clay,70.93888218243862,96,13.105790284076882,80.2745326079149,0
3,68.30045182558631,419.5901974901493,Clay,10.540137739646227,116,13.021238218938594,80.23031151435897,0
1,325.8198802386383,80.33979235592258,Rocky,83.88538619040689,198,13.103977223396612,80.25520787604478,0
2,369.2987290661653,12.485831058524798,Clay,67.10129805329098,319,13.118192670847996,80.23036754871751,1
1,157.813671881675,224.51938396506293,Sandy,69.70241660042996,20,13.087854067336647,80.22330516714857,0
0,322.4163020111569,118.73927837612874,Rocky,36.298284040387166,199,13.126320347591205,80.20342168416875,1
2,197.56545380575164,24.807186669418723,Silt,87.92795561570067,340,13.098990789585725,80.2432534266275,1
0,356.60344164130885,362.2991434238145,Sandy,72.53716002348575,247,13.172253916406431,80.22089744126322,0
1,99.60763744702655,55.796499978623736,Sandy,11.259046652919446,275,12.993439415719862,80.3073868974108,1
2,445.1075013180872,304.15975000388585,Silt,40.77780344061627,263,13.003949141693912,80.30747534823267,1
0,143.70479823278987,140.52487508344458,Sandy,88.63803619601417,57,13.01743432739087,80.27106804851114,1
2,183.89299387807645,86.74802517751101,Silt,4.719670169737899,301,13.120734214120867,80.32628890549407,0
4,29.045976040174892,189.87576145965872,Silt,96.14166196420496,30,13.111819174549963,80.33896794380121,1
0,55.7561061606382,400.72288811147683,Sandy,67.91625683195628,248,13.16111177204194,80.28665329148686,0
2,257.9309513561641,196.04678845228634,Clay,63.13759776433766,92,13.12927549057678,80.2944870325527,0
1,133.79633836398574,375.38482460552785,Clay,27.05592564879914,264,13.08437109751292,80.22727718195728,0
1,417.7401128710972,62.74314839957535,Silt,24.879178873917706,270,13.181066358492727,80.34967384014111,0
1,7.346694327476921,386.38570983253953,Rocky,94.20582194885955,93,13.03592159123386,80.17554120888451,0
0,189.5470243359681,118.46666245332432,Silt,29.827245423412275,153,13.149338331957091,80.24042049388858,0
0,168.67277338454633,338.6965649444364,Silt,77.55052967189994,284,13.068058074438785,80.31506008430998,0
4,9.663815458800517,282.8907774204982,Silt,39.31217982070792,79,13.112447027775147,80.18671790193423,0
2,62.18419950025511,464.57235860584365,Clay,13.925407078470398,291,13.128153694090487,80.20733390548567,0
1,206.82133745931765,193.66125898765702,Clay,1.071529769535895,83,13.109450817438068,80.28855714557258,0
1,246.43229222372332,33.08259441722022,Clay,54.42573370152508,364,13.01080146062172,80.28269873429272,1
3,202.14487362743455,9.577742775626453,Silt,97.57788185489326,36,13.071290202149587,80.3184856592262,1
3,265.46883920604694,413.42928048637657,Rocky,36.91361938092045,341,13.094987675586626,80.33322252781764,0
2,297.56583745284075,262.3678188307161,Clay,35.719233399304485,326,13.15250875183572,80.19641591570235,1
2,4.961910563917815,387.6220259174746,Sandy,34.40916178494421,231,13.071429149759716,80.17437619795506,1
3,232.04757972675193,117.21280000575734,Sandy,52.054383730485846,92,13.166449460960852,80.30862770393179,0
1,481.7496204437942,172.54187275661687,Sandy,44.06648834242935,335,13.070774844605044,80.23097835915328,1
0,259.51614006477433,15.051936105659468,Silt,87.99146267270145,101,13.092455971852603,80.2958967827836,1
1,338.7711337294766,480.74616228705605,Sandy,50.55207917234903,165,13.14195713658856,80.20080891761245,0
1,155.9319289584416,333.9339533504067,Silt,50.77578381885688,158,13.099313536884429,80.2645080093332,0
4,386.99568907638127,466.6025438796531,Sandy,13.83715947205566,13,13.174743614476565,80.2715849492127,1
2,386.46074093805754,132.74820371453617,Rocky,98.27395409103859,224,13.114767166102826,80.28771556327465,0
5,260.6480238270695,305.73180561283044,Silt,24.99728908688297,72,13.087241890813521,80.27333400326611,0
2,488.0069116396068,339.2499841463189,Sandy,7.336406745960266,248,12.98741839355616,80.26983815404574,1
0,62.77510738132669,158.7748501287942,Clay,66.31462489752089,90,13.065446579516067,80.23724683079678,1
3,8.473832444790496,424.054617507815,Silt,59.53663701568727,215,13.042549683852034,80.18493604726362,1
2,385.079105878548,473.5807314501239,Clay,41.514565399274574,89,13.132321133577499,80.18860403935938,0
3,403.5777686824413,442.42755884800215,Clay,42.2192233880678,28,13.02435553503071,80.25745565488144,1
1,60.10361456028812,369.5334879696863,Clay,78.50639210464311,304,13.023744017458815,80.2418586255642,0
8,132.79141647930302,138.732339862477,Clay,19.571264009964906,219,13.020603808647476,80.2739269609349,1
1,8.776181683314455,140.80802105281586,Sandy,82.02533189448897,327,13.007823122631248,80.23166763385126,0
2,146.65430539028236,481.68016022301896,Sandy,64.87471138950181,214,13.044901400734178,80.30828201829107,0
2,386.57093695933577,5.142247967846014,Silt,41.89697737795244,220,13.159884422888686,80.34349096440191,0
0,258.98026385628947,358.02498662107223,Silt,45.80286165838686,41,13.137685694461192,80.23047263775737,0
3,174.04779658414404,353.1230812776311,Silt,25.66472071860958,134,13.129750243261359,80.20929680158781,1
4,185.86964745316516,311.3447704748987,Sandy,75.21143326969748,41,13.142167361129994,80.19393611485083,0
0,0.6768128577340771,495.0544230434329,Silt,51.287474230526776,163,13.036583577865915,80.29395080811416,0
0,149.90026378261794,155.9397178818626,Clay,32.08545427498436,360,13.160188338150498,80.25947119822811,1
3,323.22937081896526,169.9859318966241,Sandy,59.60501157609502,282,13.010160675028322,80.20830314343927,1
0,487.09722190817854,39.46970147327777,Silt,99.5734452051323,57,13.049969145343118,80.30132734665838,0
0,423.53041349194973,221.3990682718687,Clay,43.52622796565539,301,13.100049623793469,80.20039663660106,1
1,11.797482322764562,130.52426311742406,Silt,92.06914007786196,321,13.003281017668401,80.28156014116959,0
1,449.28030233741964,171.6933510888221,Rocky,34.50168399245661,24,13.128726037555285,80.27612967632506,1
2,391.599206649313,417.28589512781383,Silt,5.4732706924985886,72,13.060149209640695,80.31754556023722,0
2,390.1880617854902,467.7422567637479,Rocky,20.424210636842886,128,13.13958113312168,80.18172192798814,1
2,228.99787950178575,92.86653600259281,Silt,41.86951433276842,86,13.081279257116922,80.34827458637027,0
2,199.0026464772514,186.25446577673293,Silt,21.963492859456903,329,13.018874904885068,80.31129834522937,1
2,151.45786441659632,464.31528105769706,Sandy,0.02270382182555375,152,13.12965236227107,80.21392519966976,0
1,32.847429477182885,30.904230344611317,Sandy,91.50015377475272,181,13.03312879116779,80.20738106972195,1
1,114.11768174684956,46.18026405568926,Rocky,84.3879411230929,124,13.08086206025361,80.25703204282877,1
0,123.30181748901231,81.39549460311468,Sandy,74.22922314869471,66,12.997806653831383,80.33421306590893,0
0,242.0385348551008,297.6064170634374,Clay,16.781459564602862,5,13.106273330882408,80.33928999862782,0
0,373.722203298347,75.23613550299874,Clay,12.036357620998606,124,13.115871553243256,80.27479121842788,1
0,236.9049141989733,484.03819072536675,Rocky,6.760474947238315,313,13.058434841994558,80.34286217253735,0
1,28.922224723580303,223.35726362926016,Clay,72.40291887729212,325,13.173584556064215,80.17178874183834,0
2,478.89490049410193,250.7589801750832,Clay,92.88079606878853,52,13.157533784296415,80.17773492630633,0
1,471.36215954705614,123.32930790270325,Silt,43.053582091303696,65,13.124288183148,80.35306431872735,1
0,392.5947715742042,235.48012621736675,Sandy,11.914067199604816,313,13.12543041489875,80.32576638597719,0
0,495.6639507821103,330.9568163185058,Clay,51.23928207321066,81,13.03318034298843,80.26084121165009,1
0,272.2411664001315,375.5885684770214,Clay,34.88319074586301,86,13.11406304621769,80.32142202629561,0
1,481.38417512660305,376.9340413549565,Sandy,37.48249243499977,1,13.022341253047104,80.36182789234469,1
0,37.802520308375385,288.94555634704415,Clay,62.13306241557073,203,13.011500644783965,80.32511790477626,0
0,182.84037413068566,452.1798874969286,Clay,71.87181132622024,149,13.182593578840518,80.33917426676366,1
1,112.69063400338291,408.7039236530547,Sandy,11.060359887316086,292,13.107175186294636,80.32282131627802,0
1,97.91654206713501,378.5240573493127,Silt,3.5590230806476386,102,13.068897574531439,80.20434221848672,0
1,70.40147444633804,27.802760840230313,Clay,99.43303026857149,23,13.040332904576792,80.33741482192916,1
2,311.2068207829983,3.438981109824657,Sandy,23.272834891555185,211,13.103484088732447,80.20972176400485,1
2,390.66092787365255,106.22363859773648,Clay,5.383052490845907,64,12.992618701644018,80.34922226560883,0
2,289.1491997101803,331.76179695672613,Clay,18.987532909591998,208,13.00163619810096,80.26242997961621,0
0,73.48135479410483,205.5987444412729,Silt,3.895784634846422,250,12.98927133954808,80.30609535046221,0
0,405.5618849667355,201.20312964965586,Rocky,39.181089461717164,116,13.082533966652534,80.27014816957613,0
1,317.97735358186424,442.29344411480685,Rocky,80.24017844513243,115,13.102821325837438,80.18949818588332,0
2,194.08285306349777,447.78142406591934,Sandy,34.124444975772064,236,12.995195952271565,80.22884446152413,0
1,337.06514776803147,454.58763202679285,Rocky,44.418340687836654,104,13.126944893499784,80.3674463707994,1
1,129.95248962141642,156.93903825751366,Sandy,67.55867735674389,258,13.028779014302915,80.36284295033397,0
3,172.59610424710525,345.5279063696309,Rocky,50.889407006988016,45,13.119740290753974,80.23479737953112,1
2,458.7429215659951,135.81659063718482,Silt,86.14456860213242,310,13.17907942800705,80.36995936084905,0
1,145.25225283571018,95.3049165372249,Sandy,86.60356750457565,330,13.120921174010771,80.33981023909938,0
0,234.9941340789683,92.3162286736846,Rocky,0.9910695491153643,215,13.159338610584722,80.29289189988646,0
1,445.0705686980073,171.05381043179702,Silt,77.80463064831991,300,13.172339701348614,80.1787249240522,1
1,353.8606751337637,214.97880988991085,Rocky,46.073360024167386,332,13.080050209670464,80.35098936590768,0
4,31.101613082351378,415.4745855275342,Clay,98.88405413036631,23,13.123164995883942,80.28218585585287,0
0,73.65152213948517,59.94554673635605,Clay,48.323207587543514,34,13.15309385071117,80.34439523024056,1
3,3.920795385958409,367.4629236974471,Silt,98.68959453882975,23,13.054021782574878,80.33758582398116,1
0,315.4608951145817,265.72745709465266,Clay,75.45693612057366,27,13.03497946331208,80.33730124304022,0
1,223.83671270520915,143.97267133799625,Clay,24.860488461330633,15,13.172019714555669,80.31033477214298,0
2,67.13742545113777,246.4097922664123,Sandy,53.83949792869577,58,13.127960700073764,80.22898302773521,1
2,478.9670605283852,149.97103488851133,Rocky,99.21356394785828,242,13.026636426675166,80.23793205154891,1
0,264.82986197280997,298.040977619153,Sandy,85.75306077519237,206,13.072516678535223,80.23239384251654,1
0,120.94664705644459,216.9219614276221,Rocky,9.73668937912211,270,13.141990353907563,80.17470919990652,1
1,250.30178557735377,82.20276453943937,Clay,70.6371996809996,248,13.09211259818369,80.28721378184296,0
0,339.8101663675539,58.29153727784836,Sandy,34.5579585870813,266,13.112690419633179,80.31046673408922,0
1,38.11960898678224,273.34784103606506,Rocky,0.6982261880348117,192,13.13345364040901,80.34147319870505,0
1,137.35190752394598,451.2065166430517,Rocky,40.34809690269996,334,13.107101837761798,80.19873308667655,0
1,403.4827454419968,171.9788432788428,Sandy,23.47544217249713,217,13.09071586438444,80.27953662979536,0
1,229.8324352013306,366.5000536113116,Silt,81.88692705204716,114,13.132622856877555,80.17230162813476,1
4,273.28857101614744,329.3306774698835,Rocky,33.733060884576545,67,13.128212607086441,80.18971872954215,1
0,216.40800110473464,465.7774571547405,Clay,82.7523693953817,298,13.108674480036637,80.1815423488412,0
3,21.94997132150256,410.4905086495704,Rocky,0.05979388347953085,324,13.054657882676386,80.3157956068031,1
1,82.87488991007797,283.3026294527315,Clay,30.781915002611914,74,13.063862418440054,80.18691191277553,0
0,222.77081937094545,328.51524911705366,Sandy,24.116521430776196,102,13.17678770977682,80.31399059631177,0
1,104.5927327039639,449.19323329201745,Rocky,23.3567361068611,296,13.005177186458306,80.22062494088212,1
1,24.98951432983937,199.75939229346739,Clay,6.81866197654627,177,13.036400983450568,80.34624259213939,1
0,421.82483202591186,163.3973529288887,Clay,18.712427041050173,214,13.081180351840867,80.33332999767276,0
1,490.5962645820579,5.40554181759817,Sandy,55.55495698856199,314,13.150045937228757,80.36226604349505,1
1,396.57143699836973,413.2755370957321,Rocky,29.13610728377445,38,13.015435132745946,80.34745240309161,0
2,426.8924608523335,400.4903502016824,Rocky,41.73947823291479,258,13.038090923624923,80.35736588382328,1
1,120.98856515852269,52.227259050075695,Sandy,37.68668803471885,203,12.995859643559049,80.34244847930266,0
0,480.3134877565999,288.4286905663501,Rocky,87.59049249998945,6,13.123897053210165,80.30937638012297,0
3,98.46285222671419,231.9908490834437,Sandy,90.52989990105155,48,13.030341887095124,80.2047518304251,0
3,475.71490518091616,59.35454775455573,Rocky,49.295697165586006,25,13.06043495013419,80.22504150377083,0
1,497.4096469829755,490.28411353036176,Silt,33.01559503156044,160,13.071440289405935,80.21324539322606,1
3,355.86140287302436,107.34794373167772,Rocky,10.680070400236364,356,13.160962787121292,80.29141715753164,1
2,490.57186589591095,33.61709004528058,Clay,95.3402879382095,175,13.064966058066249,80.27142398759473,1
0,284.76988978355183,297.4236897509548,Clay,6.022694490029745,78,13.011745003983052,80.3441159994317,1
3,129.77089158804517,369.43333856651634,Silt,29.765027756828044,1,13.087562987668026,80.36123457329983,1
1,218.49794283281042,16.221723023593484,Rocky,29.806620117000413,131,13.175291598929727,80.25167197792364,0
0,296.780467689393,329.3588193635111,Clay,32.04012861402149,275,13.104237128210164,80.27197011065617,0
0,36.5407810135075,266.14593797572724,Clay,16.428684327240926,116,13.179377444092115,80.36500327136083,0
3,311.17163230862303,51.632504437524204,Rocky,78.31614309236971,163,13.150921461787775,80.22594778832463,0
3,490.58891838114727,86.26193847318103,Sandy,12.249786196598922,287,12.989893151242683,80.32917815507177,1
1,95.05382489186381,283.98714865804027,Rocky,63.49066591531628,27,13.11437991907541,80.21574798046706,0
2,396.29755814419167,148.17880675664418,Sandy,12.384602670581746,332,13.040053375511578,80.30699202308506,0
1,453.9493968898097,469.157864325658,Silt,7.053563759295656,0,13.094623371128945,80.22142312552772,1
1,471.85079641011043,409.3701147420254,Silt,90.94295036858765,187,13.038569038186246,80.34744667776629,1
2,480.0678022027236,491.7836032568315,Clay,19.01287663187057,55,13.052474083321059,80.28299558874734,0
2,260.729819360736,129.835419475207,Clay,82.12501545597043,34,13.167333742350836,80.20788672817488,0
0,488.65395399575186,484.86181639898854,Clay,54.46308711071358,111,13.024028636978342,80.21557383513971,0
4,378.65510356721944,215.61693489577894,Sandy,7.78565196087696,285,13.157521823605167,80.26946983914162,1
0,80.83571811848095,173.75939765687733,Clay,95.54481914380675,309,12.9887915616141,80.36302040511498,0
1,238.450053233985,25.17476348467662,Rocky,24.696116699189254,35,13.000875307673931,80.32462843277673,1
1,359.16558768600197,26.38262892980131,Sandy,85.96453453526065,216,13.153635008276854,80.26836192856517,1
3,123.67015790954167,346.00562797332736,Silt,16.88100057845642,79,13.10881120618184,80.23824382891245,0
1,320.30759177444367,228.96449721701396,Sandy,85.39428821418528,313,13.132147227607911,80.28055369866969,1
1,333.30023952330964,113.26081301805286,Clay,1.3228812905293985,82,13.024583534164371,80.32037216668573,1
2,81.34987190428295,306.9851531626163,Rocky,51.178045656948065,64,13.090116691118022,80.32748571769056,0
1,282.54265622637814,126.42905912505559,Rocky,76.94425794215569,324,13.130143844714262,80.23562175961939,1
3,385.81345548930386,288.8158771722113,Clay,93.47955174927833,127,13.108162827402053,80.31493185364278,1
1,249.44783226797097,179.60437349134517,Rocky,90.92021362064871,306,13.077039753378243,80.30225775600724,0
0,6.051558388053713,411.7761133059095,Sandy,81.96248695476449,21,13.174656757287543,80.36252245839927,0
2,4.519234539646089,410.34808038338963,Sandy,88.8191349661304,215,13.11793146669069,80.35691805810161,1
2,178.5146719850061,238.67519906120066,Clay,19.92196858370765,106,13.16425016004825,80.32857586512073,0
2,463.097034215891,175.4095546675078,Rocky,28.418429571172876,108,13.128654102314737,80.31537893777099,0
0,114.33838980180438,181.27989827954727,Silt,28.89685249210585,356,13.129792705719538,80.22550831794086,0
5,317.1818444358436,402.85726283410895,Sandy,37.70539310016988,180,12.998703653951537,80.33989305121972,1
0,111.03793534666029,164.089741398806,Sandy,39.33206703851887,355,13.05459292437079,80.25620114074268,0
2,160.8349948297743,104.52968685342302,Sandy,54.45553246546755,163,13.154373881343933,80.22514810850122,0
4,424.021044800742,42.344170937653416,Sandy,15.987976336644138,67,13.029220772429753,80.2475321515907,1
2,364.43072113497345,233.3465604422042,Silt,69.12466637859893,291,13.005801173231294,80.3378870980033,1
4,47.699638656605316,241.06604945992095,Clay,16.75665393045065,179,13.04792121132776,80.20042664311558,1
0,214.35101049321682,420.45435520145355,Sandy,31.030848210454753,180,13.026787576978524,80.26193174822397,0
2,14.584881822632234,110.61934822303199,Rocky,50.33451306061541,168,13.167757638958632,80.2691715189059,1
1,240.4450733015045,190.49563683419996,Silt,79.64405615234773,21,13.156293328400427,80.17802593951977,1
2,331.21700585053406,404.20286944684545,Sandy,73.94692332387272,65,13.082636646056581,80.20984920590963,1
2,59.25131179907578,411.81180537448677,Rocky,64.55343564105223,20,12.994968774896774,80.33604848571518,0
1,144.44246945458283,192.3055379893841,Sandy,15.577326058017016,99,13.125612469218632,80.33685347771896,0
0,198.91831275107847,229.56201164334044,Clay,54.70453456155777,299,13.107382346267254,80.22918301677686,0
0,459.7655123280249,151.64294542464145,Silt,8.744650179988545,102,13.176810934145701,80.34567944691959,0
1,496.627507711482,466.27743920965605,Clay,37.73631767966508,46,13.094490648054077,80.32505658781368,1
2,22.45564949780793,59.321882870790155,Silt,41.35165302899592,38,13.049978744680583,80.25428149675909,0
1,380.503961747696,466.87471150073503,Sandy,3.9811439445753827,284,13.086504338715711,80.32038126888101,0
1,185.8620332011716,341.9332259176716,Sandy,27.398809946997183,309,13.178552658280903,80.36296692623897,1
1,196.22909311474,265.7860763433656,Silt,95.56494672664894,89,13.121972486506607,80.26249394361308,0
1,377.1324866735113,16.32953039224794,Rocky,95.36326078296895,84,13.117095227585411,80.21838543579071,0
3,459.2132160727043,237.79809591100414,Rocky,35.23270542525393,272,13.030836317945178,80.35906330001004,0
1,475.4642972512742,203.87405250136615,Sandy,4.310010894832406,335,13.131420503512125,80.29144885771265,1
1,288.5612930191604,80.60940598756127,Sandy,17.909493932818155,187,13.132754365894355,80.1917530324961,0
0,178.5605796502514,328.20480175032844,Clay,39.221779343354015,158,13.046157796755182,80.28523656317134,0
0,393.7745429293896,485.5754536841429,Sandy,94.77796979692297,242,13.079442766478143,80.27081617788967,1
2,125.50069163115013,281.09440553226256,Silt,14.119906353718491,72,13.041620666588091,80.34181777881511,1
2,282.0370144167589,357.3766382219729,Rocky,76.35158436682123,48,13.034441014064859,80.27683903795271,1
1,179.28923076243657,34.22522628300839,Rocky,10.868253937469207,100,12.987879214049897,80.22174648686887,0
1,328.31553685393806,208.83349790849738,Clay,98.12575773912768,1,13.039742348930668,80.30582881277299,0
0,120.19945644675344,58.17924258224794,Rocky,38.161649910913496,243,13.093493989975656,80.27921509050712,0
3,95.79647286741289,306.3979177682552,Rocky,77.5234538899056,175,12.983020237509807,80.21730892565338,1
2,459.11954333771854,469.24107910707727,Silt,34.259108281113186,237,13.039343816761935,80.28542557158859,1
0,50.90184147476845,330.88886623581925,Rocky,62.76688771588087,58,13.15898206646465,80.33500711557794,0
2,252.97895386746583,38.401524157210766,Clay,19.201608474003674,352,13.101429717021473,80.17641418354481,1
0,110.42639148150445,177.33310249254143,Clay,14.602101929696254,98,13.104272564816197,80.29687020772903,0
1,19.464981662833726,275.33168972042574,Rocky,93.80641395681313,358,13.063372861005272,80.24061703915689,0
0,18.009409145713196,201.6038780666261,Sandy,91.76472779044335,1,13.117994428698482,80.22923428915189,0
0,87.61088605291367,416.82200523758615,Rocky,88.74689402128824,242,13.020686553246072,80.24921755007223,0
1,433.3851772530001,407.3355023549946,Clay,62.543345016659345,296,13.146449362076838,80.2391045328496,1
1,141.23937198851334,305.91551005161074,Clay,80.82682112162783,210,13.006037823987182,80.33714782134169,1
0,475.22958528764786,186.72897256635264,Silt,6.903693691137491,122,13.113900270930623,80.22565956215358,1
1,290.81114649459676,127.66818688162206,Rocky,33.47890418906792,228,13.050929865163937,80.31733060462132,1
3,218.30709488438305,52.93715910656466,Rocky,31.37031247571562,81,13.132202594116496,80.18951196404572,0
0,290.0444173347273,177.44884174327703,Silt,63.56453219526132,143,13.092652910253205,80.36097927449688,0
2,258.3491926131339,206.58625860385976,Clay,35.59577734706405,139,13.073170607695744,80.29516332744971,1
0,379.3881268786626,337.9114625520368,Silt,14.85067816436808,28,13.01658448041865,80.31204371540892,1
0,141.24803298642613,329.0799121487867,Sandy,59.646707541354374,269,13.11006429285687,80.2303078664189,1
0,176.52519580015118,35.05406982062848,Rocky,81.43839206690815,246,13.177653968684083,80.25311931374162,0
0,447.04715126662535,197.6296577155789,Clay,38.21234944599732,11,13.147820684981404,80.2154556772542,1
2,473.22825657520275,90.88943360868096,Silt,13.22687150984817,354,12.994701638517803,80.35720721716045,1
2,446.27911374323725,78.40635265840284,Clay,19.668819731282305,336,13.057945875672239,80.26832088942028,1
2,209.7239969786568,413.65107486862297,Sandy,23.7483305169384,105,13.167816601838055,80.2967896231316,1
2,390.18275150344084,20.957608358128766,Rocky,29.989759299453624,31,13.083308749511405,80.31755440610615,1
1,238.1678666505494,209.59143795106067,Silt,64.27950705063091,73,13.115122365161637,80.24492121821991,1
2,248.7699260730511,84.10182788325909,Clay,60.0945484537719,170,13.165219869118278,80.31472033090783,1
4,102.34005452864197,439.665107839237,Rocky,69.60798615670392,336,13.157458938083977,80.30589849795128,1
0,295.56515162925825,278.52025663751755,Rocky,36.25019845315131,68,13.083064075108103,80.3118318667748,1
1,93.06794887667397,115.69031818842402,Clay,82.39976518799783,300,13.070229260531521,80.26854598004093,0
1,165.78234953359689,251.2136435831882,Rocky,20.40876611557603,361,13.050638523695918,80.24728747645833,1
0,427.5151008099676,365.7431798515579,Rocky,46.90407475181539,136,13.126503888632579,80.2151164376418,0
3,103.53790460542761,479.0590044597169,Silt,80.09387215414303,99,13.04009735989431,80.33562527056019,0
1,35.57914258671641,110.22300212270947,Rocky,18.015864773261924,145,13.03267752128618,80.29237000930634,0
1,34.503796306408155,443.0908860646726,Silt,10.986311374078294,8,13.053949978920757,80.2595704392195,0
1,470.392260251554,467.15205708374515,Rocky,88.36839676879897,61,13.01814301137576,80.35949918134213,1
3,253.46021898091732,458.2102722660331,Sandy,34.29296627591959,184,13.121723963189154,80.18026776250142,0
0,204.70603590850916,317.7071784309549,Sandy,68.3870124909032,28,13.105948129866123,80.34073438904102,0
0,405.4392905039592,314.9103272173538,Silt,2.534860426393848,113,13.07927570682317,80.3702165185892,0
4,417.912963955258,201.6053165919114,Silt,69.00468884094497,142,13.060765155852312,80.34808842217657,1
0,166.0955165578023,376.19894115189396,Sandy,31.61013115469705,119,13.164512508579348,80.33278731712313,0
2,346.80902873689763,265.64700917546594,Rocky,5.574085358744174,169,12.988524756997823,80.24556119868127,1
1,385.5614079259433,338.71903561414723,Silt,60.9812761548117,156,13.136521548701461,80.21696283645247,1
0,327.32534343297726,214.22895192439773,Clay,24.080381607317324,334,13.163081914349778,80.31767010409993,1
1,75.79753740004969,365.74823202156955,Rocky,38.680724205188,348,13.071970915885986,80.23161507325771,1
1,437.9415417585285,412.2357588022745,Rocky,8.058081228651359,259,13.09283809829413,80.205907936431,0
1,269.54727636800436,73.21812830140806,Sandy,14.716325109494532,81,13.17159273757641,80.32800517742072,0
2,141.23621318500184,416.464857787114,Silt,29.797723549584376,241,13.025155503057103,80.23320873044734,0
2,212.61409271884696,270.1482658951536,Rocky,8.975950056015714,171,13.086726969556938,80.35358834589748,0
2,18.78554519945369,422.33295454511216,Silt,91.08262646863152,230,13.077644225425644,80.33882652896384,0
0,63.93340061120878,215.6508531705073,Silt,0.6047043183978418,207,13.034378529574076,80.34022806590185,0
1,382.7733752579304,189.52024269151752,Silt,48.38602188643114,74,13.146418646074622,80.32501394521117,1
0,0.005817377683070557,457.5303662586112,Sandy,12.324745813255145,269,13.162620118952647,80.34687628475496,0
2,208.2829142411461,125.58463377420065,Silt,30.767908947794854,113,13.139086515957644,80.33184937843563,1
1,261.2550905427942,422.10616264307157,Sandy,92.60595598182655,61,13.021771792169723,80.29120227271495,1
0,27.31721000048615,242.01028625470207,Clay,16.169455327398687,361,13.000049727100278,80.22986454371637,1
3,486.5390814861664,257.04772127562984,Rocky,96.58323197183326,319,13.103788897061069,80.34834183864284,1
1,113.06266562483597,154.234140744742,Rocky,20.579437698942172,101,12.994118952101978,80.33882072455464,0
2,152.09935981814044,286.52110030950786,Clay,74.15661084668295,361,13.117265177711618,80.26527586444212,0
1,151.97125612751367,162.60559813810565,Sandy,54.66772648973117,209,13.088784844065449,80.1785157372004,1
0,115.20833105867496,19.634707120826157,Rocky,88.44787275967592,254,13.115257146548734,80.29840874548039,0
1,0.736911043155708,135.99930267217803,Sandy,55.399325550313094,19,13.100734154729949,80.18081937073532,0
2,364.67239704399816,3.1895217032953393,Sandy,53.45592191563087,57,13.067240513905436,80.35595599236969,1
4,483.42274989964267,489.1773935284283,Sandy,19.54580003683999,111,13.022875436028047,80.36302625132507,0
2,112.14674164252253,482.87360490987373,Clay,16.62293620516587,312,13.043840427162099,80.20859802917992,1
1,331.5235959017112,197.57764873615253,Clay,91.64891511155142,195,13.087600114843797,80.30597787561099,0
2,370.94816347935756,364.185427169823,Sandy,32.78381988500341,352,13.113073618729523,80.18915380091256,1
2,424.2126895452624,172.90304920521248,Silt,37.20822549628959,91,13.138596603376907,80.31660338571463,0
2,211.31459850680457,335.546578542988,Clay,75.98236584283885,51,13.136134143689812,80.24015753323054,0
1,151.4654528202146,402.71502152298956,Silt,33.882348242280734,292,13.177237748652217,80.30691002234609,0
6,162.64756701151555,473.3781223461204,Silt,95.20624466390028,7,13.039868289732683,80.24527530184044,0
1,356.31066654925644,200.106137924836,Sandy,73.79277689988002,299,12.996922141642688,80.19981350196666,1
1,408.389733252818,391.64899147802385,Silt,59.742924257342,97,13.051831387108372,80.25192199610052,1
0,90.80698387830132,132.96422531605938,Silt,88.08951605447525,235,13.131358895044816,80.19323470532696,0
0,185.4705040788826,495.16615189682415,Silt,4.960590834948276,68,13.07032233020666,80.2860766549954,0
2,450.970098374575,12.884799382175572,Sandy,25.706269218920873,44,13.146257686117885,80.1788903064299,1
0,403.34675984736964,301.76440325056046,Sandy,46.50363342209099,136,13.092565273037204,80.27616393591998,0
1,492.42920138123793,329.7529908256636,Clay,22.6978539471521,233,13.1686583445261,80.34797372941911,1
2,377.12412984104037,344.0227785370644,Clay,74.39051873021519,31,13.172272688399815,80.33827465402388,0
2,196.59760051396114,60.1937893945445,Silt,91.92080310537251,288,12.99656090120375,80.34725633992531,0
0,295.31891699731887,469.26489173656523,Sandy,42.37701199309234,125,13.073982687942486,80.35510976042542,0
1,330.50712712366015,90.5916395250414,Sandy,34.2132600111895,66,13.104637812249914,80.19160557757515,0
5,39.22790815856197,311.37670161992054,Silt,96.15507321375662,29,13.033874508162443,80.19644944057515,0
2,272.2484795519325,111.33803956154247,Clay,44.485243282754084,113,13.064115355875797,80.28210136126263,0
4,354.6604142363048,153.60820851063545,Sandy,48.90484004492832,203,13.11823630822354,80.34949453368489,1
2,83.66065200053019,273.2292708640622,Clay,35.164987234190534,28,13.028046845379674,80.36556989130482,1
0,390.31585871277855,208.59670928228823,Silt,90.95484730121383,130,13.103096270594891,80.179952383468,1
1,291.88639025705584,80.11280048825314,Sandy,56.89554832818507,184,13.122189565632862,80.24185481684013,1
1,476.11089284879733,85.46820121042414,Silt,76.21745871816447,252,13.000799262219175,80.213278850932,1
0,21.211149103445848,209.07239408139984,Rocky,81.18067183508863,285,13.082205863205491,80.32189316978625,0
0,132.66306877773349,378.64148913775034,Silt,34.18490419172582,61,13.03531600598484,80.29873877370741,0
2,300.77693964991204,448.9823234238943,Silt,43.369433132038004,2,13.127577271199609,80.19467760629678,0
1,148.27995610296534,42.06383112969142,Silt,84.84717744062647,67,13.02061110170739,80.267404413473,0
2,357.2120820356211,196.55195377970054,Sandy,36.32553516758102,24,13.161147583107622,80.30778810447427,1
3,379.5026412609655,50.12278186143831,Silt,79.39351334518513,178,13.068888267303667,80.32650107878482,1
1,51.25798203323723,8.296240316298942,Silt,94.09923225744372,140,13.022300606061512,80.17471054195681,0
2,256.92723210338386,330.8593413219783,Rocky,62.3210373068007,230,13.070304359270066,80.34879391479679,0
2,254.44527779552794,301.2247209832939,Sandy,74.16272874518889,299,13.064448752561706,80.28455627659011,1
1,184.64038510777053,81.5095569074431,Rocky,80.50973120411349,162,13.068483791898743,80.33308182299199,1
0,466.46243128483604,116.90641654653206,Silt,84.50396488966425,310,13.09981225869949,80.33228760600286,1
0,413.7531599366106,11.85387682225919,Sandy,39.505333785679596,129,13.086934744982708,80.2086705320542,1
2,348.6046909548184,417.47360284720185,Rocky,5.126345917599817,245,13.012655426336181,80.19273442405073,0
4,357.1633178674988,487.34529802427573,Silt,40.187627123673956,296,12.995815814529328,80.31495745379478,1
2,230.85807190655956,67.7297683973454,Clay,67.37562297840898,171,13.128583089745309,80.20198538376432,0
0,460.49726054828795,115.73760688264906,Rocky,45.03503857807928,63,13.094643487185664,80.34068749828094,0
1,347.2977136266427,434.20476197346704,Sandy,74.89631508603985,30,13.054500153615853,80.31593789677243,0
1,364.49053082790823,463.23189897809243,Rocky,35.69824294686639,46,13.144371564499616,80.33906507287305,1
2,430.84545189367265,209.81369140340516,Rocky,63.474414110402954,129,13.060311694852192,80.23050253592187,0
2,137.0357946710955,25.31123613453706,Rocky,18.641980485397458,351,13.141893017920122,80.23401961208212,0
5,403.5354519333515,19.695916846409702,Clay,74.93694366449569,332,13.043851225502475,80.30494431126927,1
0,97.62030147824602,286.9749330345052,Sandy,54.56959688130259,109,12.99726905950904,80.1769891910118,1
1,172.67097612244393,196.44755444658952,Sandy,20.40643885466006,68,13.169227938759986,80.31599934926749,1
1,167.80522713492135,14.326213788827257,Sandy,29.191117349780725,57,13.061610225856276,80.33785661417093,0
1,489.26273419457027,291.6261961562784,Silt,74.86087085818323,105,13.141238514569876,80.25373271732083,1
0,428.26861187396344,5.651268294511236,Sandy,48.26012356615207,299,13.038528826644463,80.3236757660177,1
1,350.5849307951299,393.68597907463646,Sandy,21.60314403930722,329,13.111973022424731,80.20562218339646,1
2,363.52838080769504,153.2164113516858,Clay,96.72711903702977,255,13.157362174651546,80.2351520787639,1
2,281.0363972012855,20.12900150461605,Silt,71.51250198168879,311,12.991028804467996,80.36556099262211,1
2,473.5453335542595,294.17611049157665,Silt,95.71348325397962,170,13.14882715293722,80.36796563471204,1
6,248.12937644118077,198.84220721652736,Rocky,42.71050453603432,161,13.096966600994387,80.27322101060432,1
3,190.25885493494727,486.90020667857476,Silt,47.51003406917205,285,13.104194350781714,80.35755395829278,0
0,81.5176684657955,272.0993312518511,Silt,89.79552161850192,70,13.087331600161198,80.27524613561138,0
2,393.10282613052897,137.61959051850414,Clay,52.504934024538464,254,13.157595020656728,80.22901762563224,1
1,367.2219660377957,354.71943231698737,Sandy,70.72789119056672,54,12.991386671447128,80.22407985761976,1
2,192.17751926206745,135.74600127135565,Silt,25.217287749552998,322,13.03490567830717,80.35660114107364,0
3,12.59670697961468,452.1216457037826,Silt,44.67264687026405,2,13.157852507771832,80.20518927779477,0
1,419.4986638590054,187.36098525368823,Clay,12.34498658103551,25,13.133169140506393,80.28662649164036,0
2,5.708991727036816,274.9342813881026,Silt,20.59800358769617,312,12.986229032035721,80.28180501361255,0
3,351.84988981452545,25.28655191211443,Silt,0.0943415267631087,125,13.086101256641943,80.3186243369306,1
3,485.1285548630285,213.0606189761154,Clay,3.926505164866023,52,13.088614536142536,80.27054858150495,0
2,218.83066407410172,416.1817698304975,Rocky,97.72838231769293,197,13.062876427025582,80.22515713214163,0
2,117.48670249797638,402.82440268167096,Rocky,24.23536951367623,298,13.042178666412399,80.20457929992632,0
1,352.43550502169086,112.15927942676312,Silt,66.33107095040019,187,13.11904497008247,80.29486376070119,1
0,408.56407100779256,113.03953550528134,Silt,83.90996987996115,185,13.024258092940952,80.31449815137066,0
1,273.2151580389237,408.6526561066184,Sandy,55.066045923656425,304,13.142489712414342,80.28460425573641,0
1,483.5176376280731,465.19921008466275,Silt,15.31445000839562,297,13.143307432153495,80.31837025542424,1
4,25.83436082898055,47.68046063650178,Sandy,72.81164373361663,203,13.065752287514565,80.19900424049,0
1,252.39779915226407,225.02931971311264,Rocky,60.025141009958304,10,13.03940960218193,80.34719403898863,1
0,359.22697366127505,168.7271394821145,Silt,73.12505893473751,358,13.039475636318144,80.2871791016817,1
1,431.3202355745895,435.34422772871966,Silt,76.97466228570872,353,13.079158264799243,80.19606878537853,1
3,89.62780595389502,41.762457340009384,Clay,97.54103676847451,145,13.126615844949873,80.26308504084115,1
2,400.0017408818407,105.5629712790187,Silt,57.356328002671,84,13.054473738198773,80.33965834757319,1
0,276.35353785927265,376.2341687932472,Rocky,34.164111269060186,99,13.10470866909155,80.35021243869063,0
2,198.2768409949816,25.64692449060779,Silt,64.8464556900237,103,13.05919689211652,80.22362990099975,1
0,65.85751428954678,246.26769035714463,Sandy,6.844070924262613,45,13.043604637830278,80.3129531649421,0
2,432.6478794544562,221.05351733986,Silt,89.73973183215863,43,12.98767190318316,80.19069704949676,1
1,78.63660408985767,167.20058949437433,Sandy,11.938101133819679,277,12.98348282114708,80.17740917428243,0
2,154.8939296045496,197.28615765946188,Clay,32.784283788581824,180,13.028141535566402,80.282779790764,0
2,145.02276598121844,264.97029346511647,Silt,81.57453806261209,186,13.0639812573602,80.30966551586563,0
3,435.70701709542715,80.68367919419155,Clay,59.731237833071184,113,13.152952233472412,80.3298573462353,0
0,336.351497104449,285.9979391417964,Clay,39.363552027744205,254,13.142396848586086,80.23874324769108,0
0,398.34069859568615,402.7161646499932,Silt,47.34356593750214,29,13.036133052517599,80.17200508208579,0
2,125.23394939624949,380.0804648950795,Sandy,85.45473932021804,263,13.03160808859686,80.26660384742227,0
2,312.43704980349946,76.94995234688685,Silt,34.00043860598922,97,13.028164414214006,80.17387070907472,1
5,285.87299157187437,74.62473487073696,Sandy,86.96496848121713,312,13.050547468105774,80.18909690213417,1
0,416.41518839413555,134.08718387245665,Clay,8.813443097669149,328,13.082339743912337,80.23603780450635,1
0,453.0435302406303,180.5373631705186,Rocky,77.67984372086308,114,13.070433554406316,80.25813440991205,0
3,6.078385738693404,204.2277907042413,Silt,84.75476330547363,275,13.026354639756299,80.22659388824593,0
0,337.0099595293963,339.8486084166726,Rocky,18.181765283733874,280,13.008790281988725,80.28707305330094,0
0,25.91789955986451,28.340216082917703,Sandy,43.03465323722004,274,12.98521556249724,80.18176995784363,0
2,274.42933253867795,17.336352113033193,Silt,16.54997746636556,260,13.013492647733301,80.19961594204793,1
1,143.8163645218391,195.95528147195452,Rocky,70.66041289942177,330,13.123771274038825,80.3097516801511,1
1,153.3882997610706,348.5818460689902,Rocky,53.534776806165674,206,13.031427713869117,80.19912817071959,1
2,176.4792517261783,96.71767147824129,Silt,63.5323346708321,327,13.076420362024303,80.29865504031409,0
0,310.64622452480506,320.75224062812583,Rocky,19.648696695621116,210,13.10096022978465,80.18163692415068,0
0,167.02498283438462,129.91406897014974,Silt,21.17458620524195,214,13.160068180566322,80.25217645582383,0
1,366.3495252951402,443.0430544067582,Rocky,4.149732550990636,39,13.160471019678685,80.20618189402424,0
1,202.26369278693485,447.84497213330826,Clay,32.20675351957297,25,13.131846746736272,80.19262725650704,0
3,34.17660015497931,148.64360214066323,Silt,55.97446613336749,26,12.9897313984097,80.28410655670025,0
1,391.8799212420536,114.99687698162026,Clay,85.79349139973289,189,13.097714083817085,80.35636715440113,0
2,142.879162296353,205.65198603311563,Clay,66.69274474586807,82,13.140016694166302,80.18165740958472,0
2,216.3834397996313,120.26579259007435,Rocky,43.53963233997514,169,12.986157608952674,80.25501084964361,0
1,342.72194161095075,336.19192164585183,Sandy,95.31201143941378,166,13.092636922731316,80.3122070875491,1
1,166.228078574356,413.03234227414276,Clay,71.92452005758318,187,13.154252829157207,80.26323756633757,0
0,28.29282807335781,336.5460654556085,Clay,93.016520286255,168,13.077520415168454,80.33199918922105,0
1,186.9605235064068,412.17522362467474,Clay,52.75879732721657,288,12.98352124057949,80.20662906317283,1
0,472.22429134715173,198.49608110373705,Sandy,25.89042747931396,228,12.984902671667122,80.36261884100556,0
1,320.8671986492791,78.15848535443043,Sandy,5.282668636472199,96,13.066027207482751,80.24773252555451,0
3,335.73957433360346,368.97547369879607,Clay,72.60848514838504,15,13.013701733483352,80.23901392658885,0
0,316.1410768188199,180.23725257077695,Sandy,12.130299800553413,278,13.115590131418653,80.34562115890064,1
0,99.4960694797184,335.63541261456623,Sandy,30.277512827196716,134,13.124459852981232,80.28347340637836,0
2,209.16693205114007,135.32197099088285,Sandy,53.24709078838974,25,13.018275959092126,80.27398886838057,1
1,375.4698991816591,40.61481740333633,Silt,56.441658777974766,351,13.160406657704899,80.31609558390569,1
4,50.686448776579574,496.2908977438817,Clay,60.0583196987136,11,13.071081568995787,80.28666684765622,1
2,138.92638804485614,78.10075396529965,Sandy,16.625533034970065,71,13.011269181518387,80.20320312895143,1
3,138.1595542329268,494.2104969817405,Silt,37.97374048216488,132,13.13555031961388,80.30553952457299,1
3,216.009463797253,488.63996628322366,Rocky,61.71942271169667,105,13.140694900003355,80.19739377585643,1
0,490.1843704710925,396.90905195401984,Rocky,96.98188646337847,219,13.110559094533093,80.33187154106682,1
1,33.751273341910974,329.71148104099876,Sandy,72.76311376996887,176,13.153393110640511,80.36864731954246,0
1,259.3504971902975,288.90352512554233,Clay,92.26037570939579,281,13.130174594406135,80.24617752499496,1
2,89.68234100610523,433.05077268891733,Sandy,76.2212058314177,132,13.1591411474454,80.25965117964041,0
3,485.33827270487205,144.71976080974397,Rocky,59.171696889240046,21,13.069477609697097,80.17998673109656,0
1,56.6517523637321,233.84060624243853,Clay,19.202336913634454,268,13.132219425619889,80.17344663761652,0
3,201.80050118079564,309.69498468325094,Clay,66.66856518925131,160,13.18265031268581,80.35498386697527,0
1,368.9424924173031,205.59523793474554,Rocky,62.337956595990704,106,13.127686239503925,80.19642481208784,0
0,352.27721401372264,213.74322704513398,Silt,60.24691704572665,278,13.005536756047427,80.2598557495119,0
1,211.36431844696614,165.1423337510422,Silt,48.978586798824075,352,13.086363744485837,80.33377092477112,1
3,173.26208397635912,282.115908342268,Sandy,52.86566039892756,234,13.100169558248606,80.34856375198567,0
1,198.80618927643528,425.287264007558,Clay,33.44425271181041,17,13.01754213501428,80.2745795370567,0
1,132.13813157931963,100.76418900315642,Sandy,51.931269264230316,241,13.175278326835608,80.2837065049952,1
2,102.6664693533999,467.2165193767207,Clay,19.755590567847825,116,13.017815955526924,80.30463679449267,1
4,241.519848779445,344.5438268741148,Rocky,80.51743973603767,285,13.018211583942646,80.36297649402874,1
1,134.26687803380366,411.6366063400151,Clay,18.577695469870783,281,13.165733427594912,80.29123399218891,0
1,143.73083244862505,278.0953463150058,Clay,8.496628988946641,143,13.075741086624335,80.28259505189128,0
3,328.37803173727855,389.75835071203176,Rocky,43.62460263571574,204,12.995337655854904,80.1736068270532,0
2,484.2686658499461,8.100198669733604,Silt,65.83074395060619,38,13.102337499987707,80.18688994040447,1
2,301.81860027968753,409.1902123897676,Rocky,43.771682493354135,153,13.10306526972661,80.28613432532481,0
2,38.489733532483136,20.06942954268326,Clay,27.67541319513086,175,12.995600151737314,80.35794807756145,1
2,37.79180692703349,444.9566881814313,Rocky,55.817118389044076,240,13.177204499126733,80.34403826967988,1
1,475.711610422783,495.98137361932163,Clay,34.700233541219994,133,13.091505993058917,80.36721578459844,0
0,148.6453951536668,147.03373108838892,Silt,93.28676901266331,45,13.094659144435953,80.27626680751226,1
2,46.03349304123772,105.15927814289682,Silt,92.2645139603572,49,13.08672308290048,80.32828618768755,1
1,299.52229357519076,382.68168192902033,Clay,50.23718199720955,165,13.104846355928926,80.33878006629787,1
1,311.82438914513307,126.51317046012662,Silt,32.78839940182585,105,13.035559950554752,80.30030633146617,0
2,324.2524100593441,432.7811915861017,Rocky,73.71324139566391,215,13.040148269594969,80.2384499808429,0
0,133.70101392877066,51.42129607873835,Silt,3.671294348306664,145,13.084967817959228,80.26469568693156,0
0,7.555342107237517,62.97759818967913,Sandy,47.47690060436513,71,13.144037170952716,80.34228341444872,0
1,482.5076847272359,489.5757775503078,Silt,33.63233942703335,329,12.992672915298837,80.23040958519644,1
2,125.44652284555124,336.9194491350023,Sandy,92.05358851025547,272,13.10338084244405,80.35544862625333,0
2,338.0131440262737,423.4436122144764,Rocky,1.2003027272682543,246,13.144055628501263,80.21666126828454,0
0,353.31493493935477,162.164688675759,Silt,55.28148757183491,185,13.014083454407446,80.32060328303136,1
0,305.00370853974283,338.2418747603022,Silt,74.0663581066626,69,12.985704508396115,80.29681184686915,1
3,156.4536971068241,297.1209136542986,Silt,48.50179875240413,149,13.045242659028293,80.32061988822416,1
3,135.54812688203288,301.5750600614735,Rocky,8.540303016272166,245,13.10032874134592,80.25816951448653,0
0,298.83414135135155,341.2662297688608,Rocky,97.24613900279022,261,13.010356634680951,80.3572282125108,1
1,433.04781680584574,287.6795865645493,Sandy,51.801043137609796,25,13.067924474194498,80.2971944404823,0
2,473.3668644616978,214.53118465133298,Clay,61.41862443190114,139,13.093164299474857,80.22835916091086,1
0,52.952902201878814,137.96134719027341,Rocky,23.660978270750732,98,13.102476618951464,80.29839101413043,1
2,77.41430629885993,384.290665456601,Silt,48.34980851068038,277,13.037582344200075,80.22806314944141,0
1,472.3681293915398,113.1362150015931,Sandy,42.914949195832186,50,13.062705927197259,80.22942647835198,1
0,368.2676141673963,346.1771530772071,Silt,7.489584200198374,150,13.138367845813512,80.25061970232417,1
2,441.49691241488654,116.66641132466331,Silt,10.616035354746723,103,13.170942938824139,80.34118608351383,1
4,101.31631706767158,312.66508497722697,Rocky,83.74725196187745,88,13.155076066223652,80.27075957487881,1
2,293.79293555470093,373.5391335645145,Clay,23.981995220659023,140,13.095556700346688,80.30648016844604,1
0,350.5697972087368,109.3569444532696,Silt,19.495827149863054,212,13.06475856058879,80.2490935480549,1
1,340.05594272348634,29.97165043065414,Rocky,50.49114512501392,232,13.049291322874284,80.22342108796138,0
0,204.07584543334906,65.48687149708704,Sandy,76.87471313625129,182,13.007691313216805,80.36162803214326,0
2,7.697445845654238,302.99848363551274,Silt,6.194651857898792,250,13.004010249443223,80.29141624942461,0
3,291.46302840213156,424.72320311286774,Sandy,57.680791963825584,8,13.120371524982733,80.35749026771654,1
4,126.55076958980437,22.49841061771218,Rocky,11.921044284057336,78,13.034658883234233,80.21138260043966,1
3,225.12712307144517,367.0756295208231,Rocky,3.6461050825618457,51,13.033632337286491,80.2000788327826,1
3,478.79050754190865,170.65932297502607,Rocky,5.274395216221739,268,13.182339010895557,80.34186458142479,1
2,199.51765882121737,239.26418495976125,Rocky,83.41641082084413,225,13.02028519157476,80.30688344252346,0
0,419.90080333221334,464.4297749227828,Rocky,11.797248362806156,50,13.012311951897766,80.20801569985073,1
2,94.27030287462557,165.98575236792274,Clay,4.515136441229195,185,13.002437045551986,80.22457194013272,0
4,336.23024901251443,232.66846696974304,Sandy,43.789988714291226,33,13.09866106903336,80.33083278830507,1
3,488.50347721947173,6.841207380340553,Clay,84.39934719420248,290,13.108272765200422,80.26147372399919,1
4,50.9465504364684,40.799360002419185,Sandy,26.240837648930192,229,13.055745585251378,80.30480810130122,1
1,4.159971113596006,129.29579556739202,Silt,42.17126175259164,130,13.089782667102295,80.23437040442721,0
1,216.79139631630719,13.926120410537202,Silt,3.9922532563751223,119,13.140379906188983,80.24694599055498,0
1,46.3127415256836,315.68766302412547,Sandy,44.907851413487585,325,13.146320833664351,80.36884251172462,1
2,374.1921748381157,213.19917840081126,Silt,57.761308063713365,246,13.17428241514313,80.22022341743495,1
1,457.27433192427947,274.072601364011,Silt,57.090705375214476,191,13.147553597184576,80.2719912754073,0
1,217.01048635437942,87.32359294816477,Silt,33.242669217436514,322,13.095668287343486,80.33958046863812,1
0,129.3558210777205,147.96601471830806,Clay,31.55331806631355,209,13.01863139316737,80.21854464273318,0
3,217.20165950330488,331.91223742636254,Clay,10.662361893659789,102,13.00265271154057,80.25374275133687,0
2,361.7239089250005,482.6513618151999,Rocky,36.67983206462684,328,12.993602377982173,80.293718257474,1
1,4.527080790185489,25.2083868011046,Sandy,9.949466887296465,132,13.116005166357077,80.26693763029503,1
1,294.7269947423486,445.19216042763304,Silt,76.65959447120517,322,13.1442072510796,80.26260045331406,0
2,306.6458424436895,288.4406006556042,Sandy,96.62742977481858,138,13.084436790136817,80.24320194626443,1
5,318.8441234479678,281.95978337781185,Rocky,97.00744566667069,120,12.993642834966728,80.288029265555,1
0,121.0110399904386,250.13926760388017,Rocky,86.50710993753938,93,13.089794114918268,80.29557453958472,0
0,357.0263616890634,34.69704295209169,Silt,60.07921493396191,128,13.16984985230491,80.30135790818028,1
2,45.6957431658882,44.93842586808034,Rocky,70.086569724388,90,13.102222638186493,80.18477362158121,0
1,99.6351682334004,300.456002829543,Silt,28.520580268041407,91,13.144585497692564,80.29690683514241,1
2,438.735023327241,170.47928571777916,Rocky,63.077042017262066,62,13.142730529678351,80.36134743575626,0
1,369.3615753632832,458.6340332888403,Rocky,45.56495494398774,28,13.16912581995613,80.27889724710562,0
1,6.872777005672626,203.29526867973613,Silt,48.20173397769325,209,13.136745753129976,80.31375341650185,0
2,124.1881301849001,71.64072935132054,Rocky,75.7776560375158,11,13.13224010280262,80.28204646155184,0
2,107.20324149658228,357.359416751018,Rocky,28.191835559725163,332,13.029520532994129,80.3416481237184,1
1,135.40316401848628,146.67671072050493,Rocky,31.803961169451988,296,12.994685031064217,80.35661661891952,0
0,123.7798851399432,262.7351536779466,Sandy,92.46417911286366,129,13.086219893010762,80.20754397985928,0
1,31.26314787142287,348.916392752585,Clay,5.622429485097225,292,13.007586841589353,80.25807200731143,0
2,229.47025829841016,450.1320556010352,Sandy,48.56342984133404,172,13.1751391752556,80.24917642018654,0
1,366.3667373930826,396.0955974008381,Rocky,91.28008004078617,207,13.040684952526606,80.25174302465986,0
3,303.36586235871823,338.18053393636205,Clay,61.0363007818157,23,13.15328884067686,80.19580483624559,1
0,336.43583429903987,339.81659119757177,Sandy,54.64070742121321,98,13.060224925040492,80.33342314519615,0
5,40.574589268119574,472.9623220160433,Sandy,24.974417922935523,355,13.047338849971476,80.17785324860299,1
0,475.7453550883936,147.91204874826803,Sandy,34.327548906444825,138,13.169731714475326,80.27634532154543,0
2,419.24591692151245,0.5560470980937038,Silt,85.20484158046929,313,13.055364514417246,80.30307567760894,1
2,402.54515924783135,135.97727969909934,Rocky,55.921813176845816,173,13.060757581732629,80.21219388761178,1
1,411.49190252088374,108.945689813372,Rocky,51.47421937567799,28,13.003918355922583,80.35187003841976,1
3,466.35525406638067,330.9172925569991,Clay,9.957971354002893,142,13.116789333056502,80.33840984140497,0
2,272.12698305684887,316.85579988276453,Sandy,1.6028156455123121,315,13.040467882895504,80.26491674589678,0
0,100.14100893381294,296.73069135236193,Rocky,96.36851886870491,350,13.099820833567902,80.25292978646803,1
2,308.3918039262706,8.12172160472685,Sandy,37.698616728684165,41,13.100970340810642,80.21801358504223,1
0,371.4407468339695,364.38902722532373,Rocky,60.32130620995043,298,13.126539939119155,80.31669864492899,0
0,368.9586966770127,161.76520624274576,Sandy,7.971507318728499,207,13.13174829723449,80.1970487599264,1
2,260.72451208344006,332.52799450331554,Rocky,68.31142857230465,329,13.085590486880308,80.30674755076876,1
1,34.22935966678903,278.28921425107666,Clay,93.2566708705961,191,13.048898389520682,80.33919139722369,1
3,185.5564692150639,171.36546271395358,Sandy,57.56652529974197,159,13.150190178966948,80.21639431518341,1
2,460.38330423167866,67.28813355205388,Rocky,12.611532237541056,63,13.044673129881698,80.34398548057976,0
3,292.224454878713,47.209448830240476,Clay,58.172152747347674,242,13.084201818893867,80.17736463988791,0
0,269.1659716278567,415.7591665561118,Clay,76.63472131046524,257,13.062950516640747,80.3532574770773,0
2,134.42675719109675,459.198771040779,Rocky,40.64165365740187,151,13.153715677193938,80.19437244557027,1
0,184.22445995828946,324.8940233821498,Sandy,87.98377479414678,214,13.069083706229167,80.29985183558762,0
0,447.67304457658463,51.71705743024169,Silt,64.86829533573645,321,13.059919837767497,80.22071649378279,1
1,333.23152376341784,201.01360844412036,Clay,89.92489182892025,165,13.120664738579528,80.33801047823393,1
1,393.69351337616644,364.4696000525786,Clay,62.35053112473372,30,13.103188221972289,80.2731600721831,0
1,227.17271153382757,389.91044200503404,Rocky,13.128797200482422,231,13.00414936669917,80.1977482382493,0
1,315.123609728079,59.1093111455443,Silt,30.96917111051891,281,13.084333761268793,80.2848983142652,0
1,124.19180437160377,0.015359422691207936,Silt,20.17949482524569,28,13.12979567766665,80.2522765220394,0
3,352.73041514174315,356.0685229403025,Silt,90.88264977168623,194,13.181114952918271,80.30298956332263,0
1,213.80066685166867,178.29808799310283,Rocky,76.04000672874827,333,13.108529366794064,80.3470806569527,1
4,221.27275740737278,127.24066580913012,Sandy,67.6398368910006,255,13.056758613288265,80.25257782623669,1
1,324.66116228844083,6.44873489476272,Clay,30.096631963162167,280,13.027930319960424,80.22867613590678,1
2,468.14031073446336,270.1497033807498,Rocky,18.40447720502135,303,13.157266046830665,80.17360301890552,0
1,32.003173304310465,425.5753677129909,Silt,75.64510879889119,320,13.145613042422701,80.28566780757198,0
1,412.3716186735038,478.81582313629394,Clay,47.41579458790797,322,13.029484564155878,80.25115495348629,0
2,146.19155520609655,282.8724753066446,Clay,22.578955215062912,345,13.022826418029316,80.24562984380297,0
3,221.9597272531889,257.2306638699471,Silt,61.66219781652751,293,13.125727355362237,80.20728706425685,0
1,10.956664387504478,42.528192744620554,Silt,4.0333852138451975,86,13.045690412383752,80.25671106903826,1
4,150.52303891715653,274.4364007712999,Clay,32.61702541282535,148,13.043979759672393,80.36758839071668,1
1,251.31562131506524,189.98953948269732,Clay,46.85569945911347,248,13.013158049413532,80.23025083073445,0
1,28.088038673719506,303.56764044178846,Sandy,14.795833410940585,320,13.035495103941967,80.29064088268163,0
3,245.54786469158256,194.36317393827335,Sandy,98.46544775908396,282,13.06820151151853,80.32599737626313,0
1,463.55531442921364,120.14956172518337,Rocky,20.909736458961426,361,13.129267667454483,80.32053156463532,1
1,52.69660905390261,47.48263761418825,Clay,13.035313004326554,197,13.049961618882751,80.23645485749853,1
2,382.2203640377522,157.45922229444787,Sandy,20.35348738868964,43,13.048420867895969,80.29287201670337,0
1,204.83552668799632,48.32241714387614,Clay,76.90611331597242,355,13.039682650510487,80.34495293705403,1
3,327.586857262169,88.44847541199196,Silt,42.55056592718428,27,13.07835673350221,80.17378948554662,1
2,130.11829899261468,493.66807928977295,Sandy,56.541593975253804,16,13.018827339588263,80.25784687136867,0
1,79.74613127067914,222.0517784533093,Silt,2.1009156986360744,126,13.079826146806425,80.21555468364839,0
4,80.23130713561322,265.9358832525083,Silt,3.4431308573314556,167,13.123535111238938,80.24842645807978,1
2,35.24597282157232,436.80926436860767,Silt,44.582554982701616,243,12.988658100806525,80.25389792159505,0
1,92.82335245062151,497.7844502453439,Rocky,81.66552432016235,75,12.984655876061153,80.32003419295734,0
3,332.10969249448414,291.35722467234075,Silt,88.52388787075652,230,12.997724582030903,80.18946437447909,0
1,440.845305921754,406.23691052208585,Rocky,8.670656759564022,203,13.089832012345623,80.27321678062651,0
4,407.06284279558093,163.47051216833762,Clay,53.836310210102276,247,13.153591016637082,80.28353895835976,1
0,342.56715493724204,152.87197872364555,Clay,91.32296862792705,301,12.983676893204052,80.26953152071036,1
1,55.215931705551334,201.3518604972801,Sandy,38.797275439788635,213,13.170032260916937,80.31707465061255,1
0,144.5937231479749,336.2536313368246,Sandy,82.95658314283686,214,13.003955702314109,80.24745825118137,1
1,154.90343766123448,341.09584462754935,Rocky,13.36956543994362,157,13.151096705611646,80.35969341272802,0
0,124.97847319881062,157.6197173247254,Clay,93.53944896677987,68,13.07927095299659,80.2670606885078,1
0,257.50282985486155,66.60496206831435,Sandy,75.14233175313026,84,13.114571477455769,80.28494278192296,1
3,267.7769074398363,316.1981282327543,Sandy,94.13343927869016,266,13.084836596889437,80.33580616466935,1
1,178.4429875855551,64.16293109438226,Sandy,67.66172335525064,68,13.078109645035871,80.22574722118623,1
1,176.89457936821802,289.246254114665,Clay,36.3403931999427,98,13.14967988567288,80.18574040575257,0
1,414.2777989530407,346.7110640281545,Sandy,93.81811725247225,346,13.133877275913564,80.3122567956725,1
2,394.6464241598428,350.3057481972258,Clay,27.556677630917846,215,13.079380447304601,80.26730237110968,0
0,153.89791584037283,376.7360553297984,Silt,33.21725220617326,160,13.005027185879213,80.3500008501918,0
2,456.89422193662966,436.4297107828323,Silt,70.08084180017403,93,13.005780591862882,80.36723600974449,1
1,476.407508501253,249.9794959823942,Silt,76.53162995253862,173,13.143007892143816,80.25052187011495,0
2,163.37127101502043,365.12459476478557,Rocky,92.94034838491538,164,13.088578124269507,80.25378780325194,0
0,177.21247439652743,309.58636768291836,Clay,20.48024090562095,114,13.079017828043874,80.25229252044115,1
0,252.81707671097942,93.31996989884128,Sandy,79.7998035219224,219,13.118813368272145,80.2356108219462,1
1,470.56040626683676,12.844822434704085,Rocky,73.85460533969635,30,13.154468316682854,80.32703741955328,1
1,438.15971657115574,142.27069283846689,Rocky,6.379455625359787,10,13.108474628882663,80.32249915249815,1
4,51.2839812917949,221.5168531688097,Silt,38.722314121020695,342,13.135269580469297,80.26642897411011,1
2,196.3653716357081,308.5529722143281,Clay,28.27654570600986,129,13.135754104823393,80.17963224327579,0
0,276.6855948748859,424.9796652516027,Sandy,30.44904243540304,104,13.053952289758593,80.23261186030263,0
2,251.56623627577002,98.12285835308282,Rocky,98.29468795547008,26,13.0375166391282,80.22916060931097,0
1,96.93153396844633,62.77489494923854,Sandy,64.27774134799279,226,13.142932813435033,80.33291744924006,1
3,429.40838558407734,481.7399737371638,Silt,71.76761577934995,1,13.05813575835685,80.18821511468325,1
1,338.4703914984187,54.022279688203554,Clay,97.66176373150091,358,13.163367201304542,80.33183507580854,1
0,418.9541874259018,239.24553505359458,Sandy,37.72017824576387,100,12.996638139346025,80.30453673043984,1
1,429.3821396747361,292.7818643966509,Sandy,80.1840168452806,20,12.994343502415068,80.3171882918261,1
0,374.1779268328699,270.6872104537191,Rocky,43.45309633044954,57,13.168100832020283,80.257142637517,0
1,219.60530062485867,43.0160785164716,Sandy,86.95336718149798,179,13.112390982836288,80.30664515920036,1
0,305.27337750771227,28.513457001809684,Clay,18.06575413113032,340,13.058619871289668,80.29250578894138,0
2,80.18270305987157,52.74171373051784,Clay,94.76861770642796,348,13.133712082963237,80.32449603904573,1
2,336.82270873745387,292.79384193630625,Sandy,21.877170841087967,19,13.11716536199873,80.26005396689365,0
2,89.62662786964037,272.17244381716057,Rocky,32.622050698093155,254,13.08894020936392,80.26526512497927,0
0,346.9747952550784,116.87039601837212,Rocky,75.61922341067805,316,13.002474668532532,80.29941524454797,0
1,114.79908037698434,318.8870709227958,Silt,39.37551415654067,37,13.145135917458552,80.19231549873328,1
2,58.775650075109986,410.0337510278247,Clay,60.82113767664467,147,13.155904638136127,80.25794888967287,0
1,82.64224507147871,20.789479923296884,Silt,44.45735010694285,24,13.01713373771053,80.36509016905197,0
5,0.996067609535134,249.06497177402122,Rocky,74.23699370897819,120,13.152802330395414,80.17821046401201,0
2,359.36980892676513,344.65520605134515,Silt,22.833125236861086,25,13.158269462203315,80.23390094457328,0
1,366.2005245291896,126.15596353484354,Rocky,5.8457987236877,168,13.092585722457704,80.23352196381788,0
3,257.46667495662973,153.88545264657455,Silt,29.992939747306625,322,13.113935807244538,80.29739282384716,1
3,80.68140052769185,306.81895149469193,Silt,47.43086648684303,224,13.0591474640029,80.19186007188483,0
1,41.777168755344874,448.96764672186845,Clay,16.80200521926786,0,13.039058329501854,80.29640880617578,0
3,9.564483218643504,404.96221015144965,Clay,35.47972896563887,306,13.12709662939033,80.18970804813033,1
0,82.87408848261035,291.56510954979177,Silt,39.998301829356855,260,13.155075029803163,80.18969072948367,1
1,445.4277674915734,365.1108588786246,Rocky,5.739184368827354,12,13.113515510591151,80.3163366714377,0
0,120.76842085084088,182.41123510389934,Rocky,58.33072481842046,47,13.085018122129311,80.23552703476656,0
0,177.13566360860784,320.4827640493789,Clay,88.43434279712875,312,13.014484953368836,80.36618458954275,1
3,52.672742240666594,233.0907955637785,Clay,15.174291295305242,290,12.993391742520965,80.17817058728711,1
2,111.18065237408514,94.96806822878045,Sandy,59.7808013401514,331,13.07183835804935,80.25972133274361,1
0,259.61228539010256,350.86913693862857,Clay,66.47392049108463,93,12.992569912739485,80.1933271875348,0
0,303.87634154782626,278.23231867441103,Rocky,41.93346804192883,260,13.096566926381445,80.24097579335162,1
0,122.67615708310554,179.3107909767957,Clay,70.109758736427,277,13.059245838263555,80.37034449012181,0
2,28.866079612558604,455.66959503931537,Sandy,41.0731543491012,358,13.134137823936396,80.34846850234771,1
0,195.51643456369933,10.467058913366634,Silt,50.46372879774349,204,13.043829699367237,80.18036488177108,0
0,117.10168546316707,157.886575624748,Silt,0.735304455442698,184,13.101296540193488,80.28335116876514,0
2,109.77696161490097,28.440698888823277,Rocky,69.17201141346888,174,13.090236704351021,80.3002644609649,1
2,479.93140135672763,383.2636581108136,Sandy,66.13426789447244,308,12.983642485104449,80.21260692479002,1
0,308.150242962862,351.0537270568963,Silt,3.8400877326344562,68,12.997177879652863,80.19972111467929,0
3,278.43922158604795,165.6761093681585,Silt,36.82501073951331,103,13.040773642497205,80.3515762269331,1
0,207.88755176166097,337.8314511035365,Clay,97.90318407916673,245,13.159147016204154,80.36446328829668,1
3,214.47216671507212,197.96861309797492,Silt,42.07365625686168,160,13.012102990979956,80.36907857146393,0
3,270.4525019190404,378.1268957112172,Rocky,50.19454051318417,199,13.124878866092109,80.32865235474694,0
1,348.21490351805363,227.09183136835304,Silt,90.99301581597186,215,13.177373313230458,80.30340041388105,0
2,351.0730480909147,206.1398639158328,Rocky,71.72618758657563,211,13.140813510538232,80.2398460504386,1
1,85.84695385272478,467.3649577441505,Rocky,58.20701311242236,15,13.03128907233741,80.20497966246495,0
3,250.0563760383135,125.43954994535011,Clay,79.78046813410725,331,13.164373052082617,80.18649611987325,1
0,205.979047517051,60.223669998282716,Sandy,86.43662664559733,204,13.00132143130168,80.3093594937103,0
0,435.2634831346921,292.2715566297291,Rocky,45.68880717372669,364,13.076328388374147,80.32764468303587,0
2,315.70946060918817,484.66090614208946,Silt,47.51083649318354,38,13.160208381545283,80.335990730491,0
4,266.2520332079909,188.91960686359332,Silt,38.60509356518358,88,13.110953141851375,80.35345300066076,1
3,57.69732108945868,31.01838181439076,Rocky,96.67061400184606,255,13.06542891294554,80.34668591272768,1
2,302.8189446617057,169.65263365478373,Silt,69.71662542903503,253,13.041262573347435,80.37064825445162,1
3,58.60195284011671,252.96582715977922,Clay,8.322306620807229,215,13.05771988106367,80.21951280219345,1
0,168.60328778287604,80.96150331610686,Silt,86.29596233130185,302,13.084488356201858,80.32336152304245,0
0,71.42098240716594,329.051109028246,Clay,48.05599408362681,171,13.046508785974563,80.28799190247497,1
2,346.03682351218447,498.8746945051003,Rocky,6.875390642248746,136,13.176493572416462,80.22294902649072,0
3,103.1260569180763,225.86973799072192,Rocky,54.971725516331105,177,13.169315530613229,80.3670810644574,0
2,195.929686594013,177.36427836510632,Rocky,41.716427897570206,76,13.156834293642865,80.35027962095485,0
3,447.8373888093893,200.35208341723333,Clay,87.7749404862625,187,13.067065967104531,80.19640313368883,0
1,102.15819169948514,57.57308919760057,Silt,20.399460360938736,14,13.120960353867046,80.17593166846468,0
1,253.90253197938955,441.6368007131119,Clay,82.6464609492183,291,13.163265861407194,80.30836615246655,0
1,209.635830583011,207.41282776067598,Silt,55.768869118545275,318,13.152785897535786,80.29152612577131,1
1,9.062020522864866,193.63720571242067,Silt,5.461030321346905,324,13.065565402804042,80.35786312482223,0
2,396.3790567864064,329.84513646523715,Clay,97.18453013254846,213,13.005177209864453,80.21750105743207,1
3,34.52295315729986,221.01671046556177,Sandy,51.26152441031999,207,12.99782607276691,80.187577589579,0
2,237.1275104884768,324.11673440392303,Rocky,29.08768542315825,168,13.09811280904514,80.2225430667544,0
0,280.339147469475,30.72314506539375,Silt,46.94068419892581,329,13.111225587042187,80.1744855281023,1
1,314.21322830729355,406.86167186111373,Silt,85.7857783517489,279,13.152668520919406,80.17787855023779,1
1,344.31581465393776,470.2519764397013,Clay,30.49031243850635,304,13.041203004068207,80.35367156118416,1
2,126.63619176135754,324.38269307969296,Sandy,19.26763964867003,145,13.01619409811001,80.24110331650039,0
0,4.989388329224687,477.28296442940535,Rocky,12.907124693088146,262,13.05850116663564,80.25286180020194,0
3,361.721831177456,75.71615718498165,Sandy,29.785939839021125,3,13.053415024726457,80.17437433090763,0
3,267.8282996737893,238.70809474017685,Rocky,78.00480870400435,89,13.009193790803572,80.22480435603437,1
1,418.05885160362436,300.90336697272363,Silt,47.16263651952617,59,13.117156530502632,80.3316451967483,1
1,410.6941814503471,290.86832371059336,Silt,22.748160369353997,310,13.084438388145877,80.29379819193335,0
1,421.6630838939416,200.73088954452163,Clay,16.61849996097492,15,13.126924551222954,80.32145612021729,0
1,242.54732998977008,169.0422046831307,Clay,33.27294765103791,226,13.053238224033947,80.26014274815876,1
2,166.81419791843282,63.4120112752094,Sandy,93.99243728857088,28,13.047840442315541,80.23264584435027,0
0,395.779101295685,195.8712252811391,Sandy,34.30267125900244,150,13.077215170608772,80.26726201866568,1
2,225.64705651462745,81.33040755274257,Rocky,98.81240759546354,244,13.15818146907903,80.23531421368115,0
3,91.72109820171725,367.1828382461092,Clay,48.523045576535615,269,12.990756261346798,80.33849421933482,0
2,427.4870097807372,104.41546774729498,Silt,17.916391829015087,78,13.143666563459295,80.23023474311857,0
0,441.2799383861736,29.282652642266925,Clay,89.11400917935094,288,13.056497522531552,80.30265272809062,1
2,233.15487807008506,276.18306890861714,Sandy,46.03553731348269,152,13.153623805157697,80.19809644446191,1
2,37.84986365489373,297.6148663597008,Clay,70.96713435045244,276,13.143140601767172,80.30807329874699,0
0,193.9130449584656,435.95653064025277,Silt,98.37115832091517,278,13.052452249479218,80.35335994232001,0
1,401.7688297313017,288.4908062088409,Clay,5.0175350319974,56,13.121475307064324,80.29241663092799,0
0,450.88701427311435,172.74042686172285,Sandy,9.669455978756714,185,13.01462655135469,80.2826710760069,0
0,101.73637124879792,401.50594076316025,Silt,72.04567414627562,92,13.161956310432759,80.36292365360433,1
5,33.48680601263576,270.13944659371055,Rocky,28.1825003295472,275,13.063598212890383,80.29617931106317,0
2,438.6752265664193,39.640142315595874,Rocky,18.430139695009906,157,13.07382512307104,80.22261008665463,0
2,194.70246948943765,282.92528015662333,Silt,3.9361879819729495,274,13.123851810207398,80.22917820476955,1
2,270.88048213378164,454.00927271083117,Silt,2.1846711986201806,180,13.146868047340972,80.31176132850719,0
1,484.0329060253795,198.15631274911027,Silt,77.4485603119791,358,13.029968548665643,80.31778731877844,1
0,33.28236395711143,148.16290094990003,Sandy,13.443342736955,76,13.1149700279754,80.23139924635781,1
0,324.1590037260478,71.73472850901003,Silt,46.77206159711509,150,13.06109960877783,80.23976879558528,1
2,37.05271128743354,75.72276096767865,Sandy,60.5896815179483,237,13.056440584800793,80.36891130174783,0
2,187.73446423325018,216.38574217090945,Silt,42.835180056884624,288,13.120705164788133,80.19109050991607,0
3,401.9072725967234,297.83991208076475,Sandy,2.7106652336233106,230,13.060136654831188,80.25162900568803,1
2,216.7361163778172,40.30770258480088,Sandy,78.35015025879089,17,13.051921700032882,80.1831895062395,0
0,498.5911769514752,469.78429451258285,Clay,1.0513224541653488,72,13.149877681625249,80.33491567239966,0
0,279.52964247330107,377.56680872259795,Rocky,76.1889894377484,188,13.002955224766202,80.18916916778909,1
2,160.58107631797674,293.3119591418313,Silt,89.33044937881228,16,13.117878524566043,80.30550147129254,1
2,110.05566295237657,414.21933546949543,Rocky,43.28399210571723,18,13.032445078758126,80.18199668480071,0
1,175.2602671430809,40.093378406056644,Rocky,53.554247309779825,218,12.985799648365239,80.30527100756194,0
3,186.2666368797754,238.4194388665622,Clay,47.698339261765376,325,13.01605285377454,80.33930738938554,1
0,34.356838861980485,315.0465634308317,Rocky,38.920861862343884,119,13.104032305955174,80.25046430538481,0
1,184.7870997133866,414.3264530591446,Rocky,88.74245353703603,100,13.124525438297189,80.27512529868645,0
2,232.11925986961245,391.73478002463384,Silt,89.39335106699905,33,12.986911556711265,80.25100834760106,1
1,361.36887611940233,138.53462485669982,Sandy,33.581636464153455,83,12.989985088660346,80.23079775172653,0
2,328.364742360804,470.44008477960216,Silt,61.5069754014698,195,13.16320842296859,80.33135268012543,0
1,354.38282761457714,62.172920715435176,Silt,92.69075621458641,329,12.997361163622745,80.2251005147462,1
0,4.181840938428549,437.56680931057605,Rocky,96.20584989413516,201,13.161536431723315,80.3152886848779,0
1,108.83369979026803,485.4701248023093,Rocky,50.895904042204755,343,13.028333182750181,80.21193941585105,0
1,330.84214419992827,88.57676161131278,Silt,45.28248052843268,340,13.130703560031643,80.22067075921566,0
2,241.99468408987357,361.0330321018926,Silt,27.869431592852578,10,13.044646649789204,80.23799223251545,1
4,2.656737834172973,20.14275938899923,Rocky,95.887187319041,346,13.154450405121837,80.28853127547876,1
1,402.24732121591114,202.71141256957748,Sandy,14.281430447286736,217,13.122790973084873,80.26158446383191,1
2,386.4047866451687,258.14164959883703,Sandy,57.9829576047725,252,13.06306269172034,80.31972896196557,0
1,274.2095814967813,290.32261295481703,Silt,28.255026751863888,221,12.997960490834817,80.21341346006724,0
3,33.23166288813606,467.96862412427976,Sandy,27.90082903477966,79,13.129240036774162,80.17283445756978,0
1,383.2575247662923,336.12534364709734,Silt,40.496858737618844,6,13.106076951193037,80.32601149435705,0
0,291.856793865682,240.6389756096185,Clay,99.87929358156545,271,12.983282343566758,80.33502986677603,1
1,390.9799885789796,404.83751813294464,Rocky,5.4966306839822066,226,12.98458397119449,80.18259603262169,1
3,375.8734961979202,475.2664104772045,Silt,57.85418182035315,15,13.14445859463854,80.29288150443169,1
2,401.50103597891854,11.033074341145422,Silt,8.257215803527718,11,13.034579947760372,80.24634135677462,1
2,259.0040332023124,491.26063612801937,Silt,15.452082999051896,290,13.109926733545613,80.32947913103891,0
1,70.1622590967575,43.06606953184017,Sandy,43.95629417728987,240,13.073542883953051,80.3455829108393,1
0,335.57873668984433,407.19338963438065,Silt,51.04601313464413,20,13.155386002904354,80.34090075335945,0
4,310.2368925259853,140.16737627570623,Clay,25.8792408364524,177,13.166092222620499,80.32614084947018,1
2,371.1265935995436,66.08982887693587,Sandy,31.645713087441617,227,13.182061542535772,80.22451044574844,1
2,84.94050302536765,219.92781985691744,Rocky,8.696702025593305,272,13.013436827161451,80.33307792871366,0
0,97.48759995014461,321.97828972380677,Clay,30.32197838442505,287,13.155292809295096,80.27739569518127,0
1,445.2047586096642,190.4759225117375,Silt,96.6558439380544,296,13.03590427534576,80.18125132296642,0
1,374.9888992260354,27.282704141349477,Clay,94.47073816724817,133,13.100863174979102,80.26208776997966,1
2,454.11424435016147,299.73056982935833,Silt,33.4878290136985,282,13.083854566773843,80.359131583406,1
0,379.3576605819604,451.20163805533736,Clay,57.08539362787616,152,12.986297626314478,80.34827186994711,0
3,298.5776529951509,191.60768297362586,Sandy,90.95953911109443,65,13.16925425598122,80.19115285619942,1
3,327.0663685139368,108.16638881541351,Silt,0.6183822640896675,136,12.998365411029845,80.31952533714288,0
0,444.563961970005,221.2886729664077,Sandy,81.06835703375918,91,13.120343783881548,80.33185857319165,0
3,289.40337725597027,24.181355524390437,Clay,94.83695527889189,316,13.139701367241653,80.22497763764736,1
0,316.1956621641937,410.2437922401374,Silt,9.132573433355706,258,13.141757569809538,80.26502171414822,0
2,78.2383580018003,413.1704054750934,Rocky,16.144768603292103,102,13.00979890378577,80.31289758829274,0
2,236.96061005805134,294.0002317148142,Rocky,96.07463027713554,54,13.072213990101595,80.25850829776424,0
1,358.1985559790495,176.55144446919473,Silt,53.75401436403463,256,13.148585774086797,80.19325938377332,1
4,135.4713491581827,399.8916822228917,Clay,1.4196634471723701,100,13.043235842075752,80.31187648893635,1
2,101.12709026226746,277.34351239418356,Rocky,25.763199876352914,197,13.076249735074933,80.35302773794706,0
2,156.9134041122078,412.9661542750081,Silt,44.99436742688596,300,13.03725877853997,80.30119694568124,0
2,120.75031399641672,315.7293962915103,Rocky,69.29089110247676,225,13.075410283577066,80.3254601497138,1
1,107.45631851819792,392.2027366063987,Silt,73.31603781367996,236,13.160267584518577,80.24237250713158,0
0,212.42542143404347,299.28149660888,Clay,99.54215129254561,25,13.073724846206554,80.20733964902533,0
0,453.91925694176706,207.0705341078331,Clay,28.7511199383759,120,13.093882403414865,80.29925473232366,0
2,253.52982336935915,478.9729299630688,Sandy,53.82201018684752,181,13.063495256660618,80.23625424116825,1
2,93.96019040766151,270.5569124394224,Rocky,53.332354785960504,198,13.074723436640665,80.34271470379797,0
4,38.48583469043704,302.5447592702692,Sandy,40.56452594472375,301,12.985734839809286,80.1952256099956,0
3,348.0780725689626,110.24381970737463,Clay,16.91618938424202,254,13.039449101992092,80.25739273994662,0
2,191.39938221819392,312.8253947136382,Silt,97.74565631838425,121,13.070016344348366,80.25004552009368,0
0,410.9154732926796,285.80382474147194,Clay,85.3317186666586,30,13.109459395198547,80.35831077071079,0
2,329.7553843203851,92.41919897351248,Clay,49.83330282942372,314,13.07271038611078,80.20132696012088,1
1,398.12072527068426,29.793548676571856,Silt,60.32454226840298,284,13.050263408664314,80.1726693650024,0
1,135.9730197092244,302.17965985738556,Sandy,22.72610535596623,105,13.060319747068831,80.21831704256142,1
4,346.17946123052906,381.8461346751603,Rocky,54.37870703917469,223,13.031158665840094,80.33475537195373,0
2,132.0309923468594,261.7006854610041,Clay,69.49701331214759,272,13.167598856554811,80.21256436320941,1
1,469.5342397251458,113.38631265982285,Clay,51.51670283865888,231,13.087048645158184,80.2188756127411,0
2,318.1871407666872,333.2609883465175,Rocky,99.02851705849413,255,12.985381890774425,80.19667976090737,1
2,162.25590008767105,40.05286330480112,Clay,61.13416562477262,23,12.98658925168391,80.31378724065532,1
1,134.75593114613633,220.9168524009773,Rocky,37.09737125921691,108,13.17729232699041,80.18453483810109,1
1,95.46329253582175,81.6833791992101,Rocky,77.21520276158381,190,13.02699017827465,80.2369416604657,0
3,347.3204794468639,92.22952552994168,Rocky,17.046251158164203,346,13.143821657762864,80.2271997453242,0
4,109.35780649896365,101.14697457910182,Silt,38.451581370626656,24,12.994355060312115,80.28173194595803,0
1,297.65163296374453,193.35352852198895,Sandy,34.69589503775858,186,13.166932547338911,80.31678325300395,0
1,132.31751346267868,25.575102810198814,Sandy,43.180709510777724,287,13.157583400733337,80.27727528693936,1
0,330.9844723969343,198.8967204645491,Silt,78.17798259287262,115,13.096918632486904,80.35690519859502,0
1,407.4698642702696,255.85372355735043,Sandy,48.41730321634075,337,12.984499731456651,80.36098852777747,0
2,389.01262157232657,241.6471424831626,Sandy,79.40144502659628,36,13.034262174804669,80.24299306569971,0
2,380.42566546539086,191.39205020152028,Sandy,57.64889031398659,281,13.064064529479694,80.32623607525498,0
0,93.86120284612603,419.5733040353762,Clay,34.206943465755536,136,13.074712823349513,80.31846027665364,0
0,44.19247349225935,72.66334621025206,Silt,80.99787436834724,226,13.042235751712475,80.34929291834096,0
1,349.4744142436928,252.848371890687,Sandy,23.828967055309157,319,12.989289573649106,80.26028872804154,0
5,184.17360689717566,31.020708478277147,Silt,22.43829797997955,327,13.100725481185309,80.27679463743956,1
3,216.17311320167366,35.577839438954875,Sandy,50.45029240548358,181,13.087530933538952,80.25385486271632,0
1,15.574546396695531,286.93292483854816,Sandy,26.084924596208893,361,13.039300127085816,80.34077538385995,0
2,129.7882246375246,283.0092124439105,Silt,0.9087034951216322,85,12.990295193513923,80.21664046307244,1
1,16.83820193723201,439.01675642222847,Rocky,64.82975272988016,52,13.18161883744439,80.2186418156485,0
1,439.59288630062383,278.9368378300366,Silt,51.1093821472398,347,13.079097237365282,80.24522102071542,1
2,121.69834160926524,479.8955102024251,Rocky,44.55178144931612,354,13.133900848354816,80.21676856642047,1
3,278.668584786504,24.347424199964884,Clay,96.69685146183153,234,13.073162807010268,80.28290136728299,1
1,19.489660330565208,49.00384239037054,Silt,57.11991839629137,266,12.991334058172589,80.1975980212991,0
2,333.42369565282905,22.032930785190697,Rocky,86.34315777893845,286,13.044620149017101,80.23473724388082,1
2,161.51367287704693,92.63842516677,Sandy,13.945023620516018,99,13.04672202820118,80.35338893969512,1
0,448.9595934788329,270.63505547083906,Clay,56.92064631294277,86,13.150370580809804,80.25254509603836,0
2,444.0590944670179,322.786090713714,Silt,86.7979626730903,14,13.113545995599976,80.32034674329871,0
1,162.64530918087388,22.792578974334397,Rocky,58.3105757279898,100,13.037785980727895,80.19339243834132,0
1,450.4804478452339,472.9854449227997,Rocky,71.80141781270015,164,13.176247990931818,80.22021290162836,0
1,498.0788367493894,421.08268832519053,Silt,37.20435678122074,28,13.047008366479576,80.33216912424008,0
1,412.70783206197405,148.30624107854658,Rocky,9.244951703706661,113,13.182346805165745,80.32329858725794,1
0,422.4356738776145,38.59376511323398,Silt,45.79002951270714,106,13.181932738634053,80.24793118371876,1
5,124.50436805454495,84.94353660952864,Rocky,39.44793908388575,363,13.020942103549348,80.3615793804067,1
0,288.35119942887815,63.472206877486336,Sandy,86.70601823789474,129,13.045248223237682,80.35282860316691,1
1,33.62795698368393,61.64188964947343,Silt,24.399530235247223,83,13.079908839696932,80.36316014982245,0
0,47.458968410834856,259.280844332867,Silt,96.6734227535108,270,13.115520134229579,80.25628293803756,0
4,499.4463060166453,122.92372124670014,Clay,95.81381198044961,243,13.08830948980076,80.21019471673713,1
2,163.31962471295546,179.06985826457222,Sandy,24.76316430714387,213,13.176588293826452,80.29603172781827,1
0,374.0919560244232,494.7526666921612,Silt,34.80519554773205,305,13.127497832847139,80.30765463165585,1
5,403.33252651340825,342.15712446267236,Rocky,89.55557408738851,165,13.025108969876596,80.1957883568901,0
1,429.01163550361457,474.4903335235007,Rocky,96.66222208961075,278,13.003719510042728,80.32799660685919,0
2,498.81414870107824,71.2782775165578,Rocky,44.3439102836044,58,13.120380258141871,80.174312043952,1
3,120.74824262843393,191.06973741628462,Clay,32.099704564089784,89,13.014390488036154,80.26724567749537,1
2,20.175413429849854,277.3659016411771,Silt,52.6094013251542,330,13.140235368067152,80.23690325189898,0
1,205.595758997293,38.379030944369006,Rocky,68.77692063657348,193,13.044907333452068,80.31876061197983,0
1,65.04033491447348,2.0937218139789326,Clay,27.34745153749798,122,13.048078652611123,80.23325214548437,1
4,11.212944581027562,335.21716689845874,Clay,73.64731746190728,135,12.984859678477903,80.33606142255621,0
1,180.21341357074306,320.9097584007177,Silt,5.165735711464103,138,13.122902253419008,80.28969069775617,0
1,391.86912553761823,205.3944049998059,Rocky,4.929449276441645,228,13.005353950612937,80.32947867235242,1
1,283.09034561253543,244.8220380160163,Sandy,38.628770514554525,273,13.137276115492705,80.36856812756793,1
0,156.38899460517703,207.7215002960448,Rocky,35.34731920607206,49,13.081073564383443,80.30653166914871,0
2,327.1710027463599,12.002522422444429,Sandy,31.56332153671523,117,13.139555962990915,80.36769006327233,0
1,116.00909015440536,167.68580310873122,Sandy,49.101976266891,201,13.099485307839549,80.17646726538435,0
1,7.190723036042512,88.54112769864491,Rocky,32.07335823115712,190,12.999186654403799,80.23832799769677,0
0,382.1766932182137,49.21209455068437,Sandy,19.225791846809194,363,13.135830467341037,80.19227065291247,0
1,311.87154243200456,478.3602169446749,Clay,30.946954908860093,322,12.99665989697895,80.2231609862769,0
0,381.15131225048,299.6798625210828,Clay,97.4904272810235,180,13.078440344113867,80.33847757982517,0
0,19.469008343832805,364.32814211830134,Rocky,41.11134169948486,77,13.017169842828993,80.17716465306522,0
0,418.5598139153261,157.68187163305873,Silt,44.47127768583358,74,13.133167035595578,80.27473658714648,1
0,309.76310001815165,196.5735647470076,Clay,57.654498995114004,294,13.165018245561226,80.28412574150649,1
2,281.6976753563201,118.46199694836173,Rocky,98.33407684142266,280,13.093525232671656,80.2829302293344,0
1,312.3070240572658,48.482835482712375,Sandy,24.160127643576303,20,13.088129458859838,80.26575941476466,0
2,432.21662343418205,89.5158187207919,Clay,68.12821105324338,170,13.135492639265124,80.32882059295396,1
1,293.4682532794535,398.7570226482429,Rocky,71.59846935417241,14,12.983715762595146,80.19740861790112,0
1,290.47518994408966,338.77290259188794,Rocky,60.73244167930659,210,13.166251728527033,80.23281540311017,0
4,495.3395785328829,273.46443799273845,Silt,8.857833963664408,47,13.022189763418227,80.29384521068904,1
1,378.365083534284,237.54493643338404,Sandy,67.68722758275764,85,13.179523776765249,80.3088902732536,0
1,221.14690272556763,461.2171418280622,Sandy,6.409471103617548,148,13.129950789592094,80.25152968635541,0
3,353.69850001646387,36.3674738893342,Sandy,59.61426495498969,187,13.137550229540135,80.34577425266545,0
3,194.61523584589423,140.300406618958,Rocky,73.95811772217426,305,13.113940596074722,80.25379867933918,1
1,114.4377312417495,174.968926785357,Rocky,21.096989061995043,150,13.077032636557034,80.25125522686967,0
1,298.4259384438797,391.2129061063939,Sandy,84.1622007542774,140,13.097025538672234,80.17794145229749,1
2,464.09104905697575,496.2573100809857,Rocky,3.0353805533004263,68,12.991980577203027,80.28092826723895,1
1,464.56976000773136,120.33525737857653,Silt,84.3812863658306,259,13.107491901886403,80.31243616770239,0
1,170.95263905274516,437.1536670685403,Rocky,46.032905064276505,333,13.10791962039741,80.19358763270337,0
2,263.8387331108475,415.31138021589567,Rocky,21.75879399316445,8,13.160940159480363,80.23178655321757,0
0,105.8179492849306,112.3286988208833,Clay,13.3778144993968,120,13.083831271486044,80.32695139075658,1
3,497.81555474944173,199.66629009961127,Silt,95.33071675823726,100,12.998128874817214,80.24388388708272,0
1,490.55895393396787,204.83643464625956,Clay,7.266558758115671,148,13.043939184096416,80.219020492408,0
0,324.7544648537237,489.1103342632791,Sandy,19.909341993592566,145,13.113825882422864,80.30514013271302,1
5,402.2070298387367,90.44595068944916,Sandy,34.7822347433046,352,13.030551772550293,80.21005175553434,1
1,357.55008064185,399.57898555239103,Silt,62.023484896112045,242,13.038805564371081,80.34983058391664,0
1,296.5791095197341,167.09635708655495,Rocky,54.480108527609836,240,13.146793803272171,80.19181967920524,0
0,26.673998494448846,365.4351728880802,Clay,12.564349241231398,336,13.099563946352543,80.31200996045656,1
1,227.38217127633052,210.00550214783144,Silt,28.972798373821462,42,13.084405486354715,80.27060974025729,0
2,337.3931510837053,289.17988155827004,Clay,23.875177108602408,94,13.046390393361161,80.3446859124794,1
0,338.76580694184236,416.30588666306556,Rocky,21.354285449034137,225,13.128885607186607,80.19593901820525,0
1,186.5613092111918,402.08278249194206,Clay,41.1144336479987,5,13.040243686898007,80.30627898369923,1
4,470.8459933290153,433.2115917698501,Silt,70.40314525916568,213,13.130112703528836,80.28511092783629,1
1,83.6785161183905,29.80866267232951,Rocky,21.745293221723593,205,12.996720296053489,80.26671802844801,1
2,250.17972310778032,346.0252765198724,Rocky,36.66788797029814,66,13.155608268316417,80.26898145268653,0
4,345.4419882754114,69.99368836088144,Silt,39.09174268411623,99,13.082613292675187,80.31509539235971,1
1,348.5679029459046,207.9092840092055,Rocky,97.64565294354102,11,13.070401603339795,80.35824833098697,1
1,324.3194783844078,274.2942075273442,Clay,95.46663568790689,236,13.104904682308385,80.18895033182382,1
2,137.64410672593007,201.36974237341536,Sandy,80.01375827520759,321,13.107538414579254,80.17460052952211,1
0,78.10328434331099,259.80583790150376,Silt,24.165892081918518,257,13.009107035378,80.33184095849624,0
1,317.9701634133554,498.2631543993096,Clay,6.803731409166969,336,13.133946717963244,80.19233387751015,1
2,299.6510580697189,67.60865685642736,Rocky,31.690413772062477,134,13.037885659590014,80.36803935921608,1
0,89.67800514462049,337.72802266821276,Sandy,26.679454943383085,221,13.163692376033984,80.29456964979177,1
2,352.56957278528165,198.00048319280762,Clay,50.59258001463939,155,13.146270132682968,80.30087327905083,1
0,227.5859958668282,66.5048994536644,Silt,77.7727910067793,141,13.051953208306951,80.21047834058761,1
1,333.88029580157644,79.36838168715477,Rocky,85.8322938878858,157,13.144247858640144,80.21876246205935,0
2,418.68353988507533,474.63655312280844,Silt,84.48640854105085,325,13.053978099859982,80.30257006061986,0
0,84.86421428846158,439.800748355881,Clay,35.967556122306775,343,13.00288953632721,80.35264536758685,0
3,9.57243399841834,453.5209802075109,Sandy,68.72343434606829,261,13.175077647745143,80.36717811090352,0
1,389.5512931978934,495.7663879136933,Clay,31.283419752422002,282,13.113220403043089,80.21030618932622,0
2,304.84871257630795,104.15769500425898,Clay,6.090554323518271,337,13.073919905332518,80.19752392454197,0
0,349.81978481106086,177.71966868203089,Rocky,70.15652656029422,343,13.062254670306208,80.18198027155216,1
0,419.0774874943213,334.60951496243337,Silt,0.9827552569787845,228,13.047641066851654,80.34435940363227,1
1,401.40546741225023,241.90126993032362,Clay,40.91825874584886,279,13.178989519085826,80.2296429693713,1
0,480.46007346441235,209.19476668916676,Clay,32.937926930207574,357,13.009649453026181,80.17106240677386,1
2,267.9675394260591,178.90562466779653,Sandy,69.33775385188524,289,13.045661011784114,80.21546361721128,1
1,244.24781632995268,296.8903159717261,Sandy,76.62454727603789,167,13.079799528056533,80.23878821601988,0
3,200.94359994536504,287.796714320041,Silt,30.409463597128383,46,13.078299909010862,80.36889723389935,0
4,76.84552142210227,80.72891703212004,Silt,81.16270144448535,202,13.076973296881569,80.27540831877143,0
1,286.30361644101123,235.86991875921953,Rocky,29.391676050493377,213,13.017856763166078,80.21164278951902,1
1,138.5062621629894,276.7358881049249,Silt,44.63263599865612,245,13.0116865054219,80.2376636689427,1
3,460.6537561064877,285.14346936569524,Sandy,72.7018527014134,23,13.033653517265725,80.23676153751138,0
1,291.59540213854876,105.0535964561759,Silt,69.29202292247886,320,13.165605230760413,80.17464514929264,0
1,296.4200902540551,371.1356961261434,Clay,98.73684723122,273,13.005310593566904,80.1977366108343,1
0,177.462330438505,12.599547410534818,Silt,22.51610242159319,43,13.134185020674666,80.30973929194064,0
1,25.994675988853743,177.41592777158132,Silt,66.23179135395823,331,13.134209678626675,80.19475019731415,0
2,15.87188268649431,390.1063242678168,Rocky,60.96819082757774,312,13.144654080779453,80.21684685532122,0
1,211.66757207659876,281.94646052770116,Clay,91.509845449003,362,13.160023097797872,80.24084745968086,1
2,42.28268904861893,130.58121625543012,Rocky,15.636214164487505,155,13.035307235507787,80.32224698890046,0
3,303.42347777006955,347.47655967152383,Sandy,75.1798163586933,198,13.02761189385378,80.2871801929736,1
2,440.48650281982873,283.6954720780367,Silt,56.826861626876834,161,13.075801133305497,80.30849999699772,1
1,441.4574082593611,398.1218047281936,Silt,27.46658697879054,233,13.035717833750407,80.28410246508403,0
2,329.5227050661162,367.51259309491167,Sandy,47.44349141471741,162,13.129561997796623,80.30741848504438,1
5,105.61591573646551,305.0539610181173,Rocky,33.37765970697978,115,13.109887915348288,80.1712684307328,0
1,431.49841567943605,244.08883765540702,Clay,57.931340278846086,92,13.157697537610531,80.3568796288743,1
1,443.0467176566041,66.59106283376171,Rocky,88.90006108146659,41,12.999247660697415,80.19288404617497,0
2,98.32679247647935,130.66650894269188,Rocky,56.9304984412202,283,13.165716666671615,80.25194981919539,0
2,368.7130428853386,209.54973645854264,Clay,63.17224183265841,209,13.041369725334018,80.32490767404897,1
2,143.25977446356148,299.64964350319434,Silt,51.874784711470944,205,13.080838869185397,80.25774614360189,1
1,401.3201561764648,256.8539276076524,Rocky,5.116550644547591,219,13.07042228718793,80.3600685103335,0
2,498.6189499518013,144.09226297976474,Sandy,23.285855687609423,279,13.134762330220886,80.26421778969976,0
4,15.013002664696407,3.2321788948552754,Clay,49.20017294320827,135,13.06676666188637,80.34568788112054,1
4,448.68293289546597,248.11961095040698,Silt,31.023528374470477,105,13.171410629129882,80.33286562267246,1
